timestamp;position_lat_deg;position_long_deg;altitude;distance;speed;speed_kmh;heart_rate;enhanced_altitude;enhanced_speed;cadence
2025-09-22T14:39:55;46.3392043299973;-0.32233480364084244;126.79999999999995;0.0;0.0;0.0;85;126.79999999999995;0.0;0
2025-09-22T14:39:56;46.33920441381633;-0.3223341330885887;126.60000000000002;0.0;0.0;0.0;85;126.60000000000002;0.0;0
2025-09-22T14:40:01;46.33920810185373;-0.32241049222648144;125.60000000000002;0.0;2.417;8.7012;93;125.60000000000002;2.417;0
2025-09-22T14:40:02;46.339204581454396;-0.3224602807313204;125.60000000000002;3.79;3.266;11.7576;97;125.60000000000002;3.266;0
2025-09-22T14:40:03;46.33919645100832;-0.32250369898974895;125.39999999999998;7.17;4.012;14.4432;97;125.39999999999998;4.012;0
2025-09-22T14:40:05;46.339178178459406;-0.32256849110126495;125.20000000000005;12.56;4.357;15.685200000000002;98;125.20000000000005;4.357;0
2025-09-22T14:40:06;46.3391472492367;-0.32262464985251427;125.20000000000005;18.08;4.768;17.1648;103;125.20000000000005;4.768;0
2025-09-22T14:40:07;46.339107770472765;-0.32267142087221146;125.20000000000005;23.71;5.169;18.6084;105;125.20000000000005;5.169;0
2025-09-22T14:40:09;46.33901724591851;-0.3227114025503397;125.0;34.25;4.889;17.6004;106;125.0;4.889;0
2025-09-22T14:40:11;46.33891976438463;-0.32269095070660114;124.79999999999995;45.32;5.244;18.8784;105;124.79999999999995;5.244;0
2025-09-22T14:40:12;46.33886964060366;-0.3226482030004263;124.79999999999995;51.78;5.692;20.491200000000003;106;124.79999999999995;5.692;0
2025-09-22T14:40:13;46.33881591260433;-0.32258927822113037;124.60000000000002;59.27;6.438;23.1768;103;124.60000000000002;6.438;0
2025-09-22T14:40:15;46.338706612586975;-0.3224586881697178;124.60000000000002;75.04;7.418;26.704800000000002;99;124.60000000000002;7.418;0
2025-09-22T14:40:16;46.3386517111212;-0.32239104621112347;124.39999999999998;83.06;7.427;26.737199999999998;99;124.39999999999998;7.427;0
2025-09-22T14:40:18;46.338535118848085;-0.3222753759473562;124.20000000000005;98.82;7.25;26.1;98;124.20000000000005;7.25;0
2025-09-22T14:40:20;46.33840276859701;-0.32224184833467007;124.20000000000005;113.85;7.25;26.1;96;124.20000000000005;7.25;0
2025-09-22T14:40:22;46.33829011581838;-0.3223268408328295;124.0;128.21;7.25;26.1;95;124.0;7.25;0
2025-09-22T14:40:23;46.338251642882824;-0.3224125877022743;123.79999999999995;136.06;7.418;26.704800000000002;94;123.79999999999995;7.418;0
2025-09-22T14:40:27;46.33811702951789;-0.32282548025250435;123.60000000000002;171.19;9.041;32.5476;95;123.60000000000002;9.041;0
2025-09-22T14:40:34;46.337873954325914;-0.32364455983042717;123.0;239.8;9.387;33.793200000000006;98;123.0;9.387;0
2025-09-22T14:40:35;46.33783623576164;-0.3237602300941944;123.0;249.64;9.499;34.196400000000004;99;123.0;9.499;0
2025-09-22T14:40:40;46.33761981502175;-0.32430505380034447;122.60000000000002;298.01;9.573;34.4628;102;122.60000000000002;9.573;0
2025-09-22T14:40:42;46.33752820082009;-0.3245120868086815;122.39999999999998;316.93;9.592;34.531200000000005;102;122.39999999999998;9.592;0
2025-09-22T14:40:48;46.33723357692361;-0.3251818008720875;121.79999999999995;378.01;9.881;35.571600000000004;103;121.79999999999995;9.881;0
2025-09-22T14:40:51;46.33708672598004;-0.3255019895732403;121.0;407.57;9.881;35.571600000000004;102;121.0;9.881;0
2025-09-22T14:40:54;46.33694767020643;-0.32581991516053677;120.20000000000005;436.52;9.844;35.4384;105;120.20000000000005;9.844;0
2025-09-22T14:40:58;46.336783803999424;-0.32628645189106464;119.0;476.83;9.844;35.4384;106;119.0;9.844;0
2025-09-22T14:41:04;46.33664642460644;-0.32689698971807957;117.79999999999995;526.27;9.807;35.3052;107;117.79999999999995;9.807;0
2025-09-22T14:41:10;46.33643955923617;-0.3277155663818121;115.39999999999998;593.46;9.657;34.7652;108;115.39999999999998;9.657;0
2025-09-22T14:41:11;46.3364018406719;-0.3278304822742939;114.79999999999995;603.25;9.657;34.7652;109;114.79999999999995;9.657;0
2025-09-22T14:41:15;46.33626043796539;-0.3282917384058237;113.0;642.16;9.573;34.4628;110;113.0;9.573;0
2025-09-22T14:41:17;46.33623395115137;-0.32854135148227215;112.39999999999998;661.64;9.657;34.7652;110;112.39999999999998;9.657;0
2025-09-22T14:41:18;46.336241913959384;-0.32866280525922775;112.0;671.03;9.657;34.7652;113;112.0;9.657;0
2025-09-22T14:41:20;46.3362789619714;-0.3289015218615532;111.20000000000005;689.87;9.657;34.7652;113;111.20000000000005;9.657;0
2025-09-22T14:41:27;46.33642254397273;-0.3297879919409752;109.0;759.94;9.863;35.5068;117;109.0;9.863;0
2025-09-22T14:41:28;46.33644634857774;-0.32991900108754635;108.79999999999995;770.37;9.872;35.5392;117;108.79999999999995;9.872;0
2025-09-22T14:41:34;46.33662723004818;-0.3306613862514496;107.60000000000002;830.99;10.124;36.446400000000004;116;107.60000000000002;10.124;0
2025-09-22T14:41:39;46.33672839961946;-0.33126077614724636;106.60000000000002;878.58;9.741;35.0676;117;106.60000000000002;9.741;0
2025-09-22T14:41:43;46.33669579401612;-0.33173284493386745;105.60000000000002;915.21;9.256;33.321600000000004;119;105.60000000000002;9.256;0
2025-09-22T14:41:46;46.33663033135235;-0.3320739045739174;104.79999999999995;942.47;9.069;32.6484;122;104.79999999999995;9.069;0
2025-09-22T14:41:48;46.336614321917295;-0.3323042392730713;104.39999999999998;960.32;9.06;32.616;123;104.39999999999998;9.06;0
2025-09-22T14:41:52;46.33665011264384;-0.332779074087739;103.79999999999995;997.1;9.069;32.6484;120;103.79999999999995;9.069;0
2025-09-22T14:41:59;46.3366764318198;-0.33358801156282425;102.79999999999995;1059.48;9.163;32.9868;118;102.79999999999995;9.163;0
2025-09-22T14:42:00;46.33667475543916;-0.3337009157985449;102.60000000000002;1068.17;8.976;32.3136;119;102.60000000000002;8.976;0
2025-09-22T14:42:07;46.3366365339607;-0.33447079360485077;101.39999999999998;1127.75;8.612;31.0032;118;101.39999999999998;8.612;0
2025-09-22T14:42:12;46.336555145680904;-0.334933390840888;101.0;1164.5;6.979;25.1244;117;101.0;6.979;0
2025-09-22T14:42:17;46.33651030249894;-0.3352086525410414;100.0;1186.28;2.883;10.3788;116;100.0;2.883;0
2025-09-22T14:42:22;46.336472081020474;-0.3354531526565552;99.60000000000002;1205.61;4.05;14.58;117;99.60000000000002;4.05;0
2025-09-22T14:42:29;46.33641659282148;-0.33569488674402237;98.39999999999998;1225.22;2.986;10.749600000000001;118;98.39999999999998;2.986;0
2025-09-22T14:42:34;46.33637602441013;-0.33599806018173695;97.39999999999998;1249.0;5.309;19.1124;120;97.39999999999998;5.309;0
2025-09-22T14:42:39;46.336344508454204;-0.33644464798271656;97.0;1283.62;7.455;26.838;117;97.0;7.455;0
2025-09-22T14:42:44;46.33639865554869;-0.33698905259370804;96.79999999999995;1326.06;8.612;31.0032;116;96.79999999999995;8.612;0
2025-09-22T14:42:51;46.33650753647089;-0.3377859201282263;96.20000000000005;1388.67;8.873;31.9428;117;96.20000000000005;8.873;0
2025-09-22T14:42:52;46.33651063777506;-0.33790276385843754;96.20000000000005;1397.66;8.873;31.9428;117;96.20000000000005;8.873;0
2025-09-22T14:42:57;46.336460262537;-0.33845881931483746;95.39999999999998;1440.94;8.845;31.842000000000002;116;95.39999999999998;8.845;0
2025-09-22T14:43:04;46.336353896185756;-0.339214950799942;95.0;1500.44;8.491;30.5676;116;95.0;8.491;0
2025-09-22T14:43:09;46.33638926781714;-0.339745357632637;94.39999999999998;1541.48;8.398;30.2328;114;94.39999999999998;8.398;0
2025-09-22T14:43:14;46.336442744359374;-0.34026168286800385;94.0;1581.68;8.146;29.325600000000005;117;94.0;8.146;0
2025-09-22T14:43:18;46.33648322895169;-0.3406225237995386;94.0;1609.82;6.774;24.386400000000002;117;94.0;6.774;0
2025-09-22T14:43:21;46.33650074712932;-0.3408909123390913;94.0;1630.6;7.073;25.4628;120;94.0;7.073;0
2025-09-22T14:43:23;46.33649177849293;-0.3410728834569454;93.79999999999995;1644.65;7.026;25.2936;120;93.79999999999995;7.026;0
2025-09-22T14:43:24;46.33647727780044;-0.341161647811532;93.79999999999995;1651.67;6.979;25.1244;123;93.79999999999995;6.979;0
2025-09-22T14:43:25;46.33646118454635;-0.34124990925192833;93.79999999999995;1658.7;6.942;24.991200000000003;119;93.79999999999995;6.942;0
2025-09-22T14:43:28;46.33641583845019;-0.3415022883564234;93.60000000000002;1678.77;6.933;24.9588;122;93.60000000000002;6.933;0
2025-09-22T14:43:30;46.33638633415103;-0.3416623827069998;93.60000000000002;1691.53;6.895;24.822;125;93.60000000000002;6.895;0
2025-09-22T14:43:35;46.336317183449864;-0.3420244809240103;93.60000000000002;1720.45;5.449;19.6164;124;93.60000000000002;5.449;0
2025-09-22T14:43:42;46.33619229309261;-0.3424597531557083;92.79999999999995;1756.75;5.318;19.1448;124;92.79999999999995;5.318;0
2025-09-22T14:43:45;46.33612833917141;-0.34264172427356243;92.60000000000002;1772.49;5.309;19.1124;121;92.60000000000002;5.309;0
2025-09-22T14:43:48;46.33603538386524;-0.34280626103281975;92.20000000000005;1788.84;5.318;19.1448;118;92.20000000000005;5.318;0
2025-09-22T14:43:49;46.335997581481934;-0.34285965375602245;92.20000000000005;1794.71;5.328;19.1808;117;92.20000000000005;5.328;0
2025-09-22T14:43:52;46.335873110219836;-0.3430184908211231;92.0;1813.18;5.561;20.0196;114;92.0;5.561;0
2025-09-22T14:43:57;46.33563347160816;-0.3432902321219444;92.0;1847.05;6.774;24.386400000000002;113;92.0;6.774;0
2025-09-22T14:44:02;46.33537497371435;-0.34361050464212894;91.60000000000002;1884.91;7.11;25.596;113;91.60000000000002;7.11;0
2025-09-22T14:44:08;46.33502762764692;-0.3439504746347666;90.79999999999995;1931.72;7.716;27.7776;113;90.79999999999995;7.716;0
2025-09-22T14:44:13;46.33467826992273;-0.3440933860838413;89.39999999999998;1972.31;7.763;27.9468;112;89.39999999999998;7.763;0
2025-09-22T14:44:17;46.334367552772164;-0.3441471140831709;87.79999999999995;2007.11;8.304;29.8944;115;87.79999999999995;8.304;0
2025-09-22T14:44:19;46.3342188578099;-0.34420737996697426;87.0;2024.28;8.407;30.2652;112;87.0;8.407;0
2025-09-22T14:44:21;46.33408843539655;-0.34430050291121006;86.39999999999998;2040.49;8.407;30.2652;112;86.39999999999998;8.407;0
2025-09-22T14:44:23;46.33397787809372;-0.3444434143602848;86.0;2056.99;8.407;30.2652;110;86.0;8.407;0
2025-09-22T14:44:28;46.33375525474548;-0.344921937212348;85.20000000000005;2101.43;8.407;30.2652;112;85.20000000000005;8.407;0
2025-09-22T14:44:35;46.33342768996954;-0.3456256818026304;83.79999999999995;2166.73;9.219;33.1884;111;83.79999999999995;9.219;0
2025-09-22T14:44:39;46.333210011944175;-0.3460169490426779;82.39999999999998;2205.38;9.443;33.9948;108;82.39999999999998;9.443;0
2025-09-22T14:44:43;46.33297615684569;-0.3463704138994217;81.79999999999995;2243.07;9.452;34.0272;107;81.79999999999995;9.452;0
2025-09-22T14:44:48;46.33266854099929;-0.3467030916363001;81.0;2285.8;8.118;29.224800000000002;107;81.0;8.118;0
2025-09-22T14:44:52;46.33252361789346;-0.3468888346105814;80.0;2307.35;4.423;15.9228;104;80.0;4.423;0
2025-09-22T14:44:55;46.33247919380665;-0.34693057648837566;79.79999999999995;2313.43;2.071;7.4556000000000004;105;79.79999999999995;2.071;0
2025-09-22T14:44:59;46.332344664260745;-0.34682379104197025;79.39999999999998;2330.58;5.151;18.5436;107;79.39999999999998;5.151;0
2025-09-22T14:45:02;46.33215229958296;-0.3466591704636812;78.79999999999995;2355.43;8.183;29.4588;107;78.79999999999995;8.183;0
2025-09-22T14:45:06;46.331809144467115;-0.34643009305000305;77.39999999999998;2397.49;10.133;36.4788;106;77.39999999999998;10.133;0
2025-09-22T14:45:09;46.3315059710294;-0.34628466702997684;75.60000000000002;2433.06;11.514;41.4504;107;75.60000000000002;11.514;0
2025-09-22T14:45:10;46.33140144869685;-0.34628785215318203;74.79999999999995;2444.66;11.262;40.543200000000006;106;74.79999999999995;11.262;0
2025-09-22T14:45:11;46.33130279369652;-0.3463219664990902;73.79999999999995;2455.94;10.964;39.470400000000005;106;73.79999999999995;10.964;0
2025-09-22T14:45:13;46.33110565133393;-0.34642514772713184;72.20000000000005;2479.25;11.178;40.24080000000001;107;72.20000000000005;11.178;0
2025-09-22T14:45:16;46.33081597276032;-0.3465707413852215;69.79999999999995;2513.34;11.262;40.543200000000006;110;69.79999999999995;11.262;0
2025-09-22T14:45:19;46.330542555078864;-0.34667945466935635;68.20000000000005;2544.85;10.096;36.345600000000005;111;68.20000000000005;10.096;0
2025-09-22T14:45:25;46.33005925454199;-0.34676888957619667;65.79999999999995;2599.01;8.472;30.4992;110;65.79999999999995;8.472;0
2025-09-22T14:45:30;46.329739736393094;-0.34680476412177086;64.39999999999998;2634.65;6.429;23.1444;111;64.39999999999998;6.429;0
2025-09-22T14:45:35;46.32950370199978;-0.34685153514146805;64.0;2661.14;5.048;18.172800000000002;113;64.0;5.048;0
2025-09-22T14:45:42;46.329226680099964;-0.3470015712082386;63.799999999999955;2694.12;4.731;17.0316;113;63.799999999999955;4.731;0
2025-09-22T14:45:51;46.32890984416008;-0.3472596500068903;63.60000000000002;2734.56;4.507;16.2252;113;63.60000000000002;4.507;0
2025-09-22T14:45:59;46.328621255233884;-0.347419073805213;65.60000000000002;2768.98;4.423;15.9228;116;65.60000000000002;4.423;0
2025-09-22T14:46:05;46.32843182422221;-0.3474927507340908;67.39999999999998;2790.8;3.014;10.850399999999999;117;67.39999999999998;3.014;0
2025-09-22T14:46:06;46.32841246202588;-0.34751538187265396;67.60000000000002;2793.56;3.014;10.850399999999999;116;67.60000000000002;3.014;0
2025-09-22T14:46:08;46.32838362827897;-0.3475978597998619;68.20000000000005;2800.67;3.574;12.8664;117;68.20000000000005;3.574;0
2025-09-22T14:46:13;46.32832235656679;-0.347898518666625;68.39999999999998;2824.79;5.039;18.1404;114;68.39999999999998;5.039;0
2025-09-22T14:46:19;46.32824423722923;-0.34832130186259747;68.20000000000005;2858.49;5.356;19.2816;111;68.20000000000005;5.356;0
2025-09-22T14:46:20;46.32822982035577;-0.3483967389911413;68.20000000000005;2864.52;5.402;19.447200000000002;110;68.20000000000005;5.402;0
2025-09-22T14:46:24;46.328171733766794;-0.3487085457891226;68.0;2889.38;5.85;21.06;107;68.0;5.85;0
2025-09-22T14:46:29;46.328097470104694;-0.3490848932415247;68.79999999999995;2919.52;5.981;21.5316;105;68.79999999999995;5.981;0
2025-09-22T14:46:38;46.327966125681996;-0.3497775737196207;70.60000000000002;2974.81;6.056;21.8016;107;70.60000000000002;6.056;0
2025-09-22T14:46:45;46.32784802466631;-0.350327929481864;70.60000000000002;3019.2;6.242;22.4712;110;70.60000000000002;6.242;0
2025-09-22T14:46:46;46.327834613621235;-0.350405378267169;70.60000000000002;3025.34;6.242;22.4712;110;70.60000000000002;6.242;0
2025-09-22T14:46:56;46.3277015928179;-0.3511901758611202;71.20000000000005;3087.66;6.205;22.338;112;71.20000000000005;6.205;0
2025-09-22T14:47:00;46.32771165110171;-0.3515232726931572;71.20000000000005;3113.41;6.233;22.4388;115;71.20000000000005;6.233;0
2025-09-22T14:47:01;46.32772690616548;-0.351603738963604;71.20000000000005;3119.84;6.27;22.572;114;71.20000000000005;6.27;0
2025-09-22T14:47:06;46.327841905876994;-0.3519860375672579;71.20000000000005;3151.94;6.364;22.9104;110;71.20000000000005;6.364;0
2025-09-22T14:47:08;46.32789211347699;-0.35213288851082325;71.20000000000005;3164.56;6.336;22.809600000000003;113;71.20000000000005;6.336;0
2025-09-22T14:47:15;46.32809076458216;-0.3526492975652218;71.79999999999995;3210.07;6.354;22.8744;112;71.79999999999995;6.354;0
2025-09-22T14:47:18;46.32819704711437;-0.3528628684580326;72.39999999999998;3230.33;6.429;23.1444;109;72.39999999999998;6.429;0
2025-09-22T14:47:21;46.328333085402846;-0.35304341465234756;72.79999999999995;3250.89;6.699;24.1164;107;72.79999999999995;6.699;0
2025-09-22T14:47:28;46.32866852916777;-0.353444404900074;72.79999999999995;3299.47;6.821;24.5556;104;72.79999999999995;6.821;0
2025-09-22T14:47:29;46.328704319894314;-0.35352084785699844;72.79999999999995;3306.57;6.886;24.7896;104;72.79999999999995;6.886;0
2025-09-22T14:47:32;46.328782523050904;-0.35377792082726955;72.60000000000002;3328.22;6.998;25.192800000000002;102;72.60000000000002;6.998;0
2025-09-22T14:47:39;46.32888201624155;-0.35442483611404896;72.20000000000005;3379.31;7.213;25.9668;101;72.20000000000005;7.213;0
2025-09-22T14:47:43;46.32890045642853;-0.3546761255711317;71.79999999999995;3398.76;3.826;13.7736;99;71.79999999999995;3.826;0
2025-09-22T14:47:47;46.32888101041317;-0.3547805640846491;71.39999999999998;3407.24;1.689;6.0804;100;71.39999999999998;1.689;0
2025-09-22T14:47:50;46.32878051139414;-0.3548607788980007;71.20000000000005;3420.17;4.749;17.0964;102;71.20000000000005;4.749;0
2025-09-22T14:47:55;46.32852125912905;-0.35499371588230133;71.39999999999998;3450.75;6.149;22.136400000000002;103;71.39999999999998;6.149;0
2025-09-22T14:48:02;46.32813837379217;-0.3552180156111717;72.60000000000002;3496.69;6.42;23.112000000000002;102;72.60000000000002;6.42;0
2025-09-22T14:48:09;46.327735958620906;-0.35553552210330963;73.39999999999998;3547.83;7.157;25.7652;104;73.39999999999998;7.157;0
2025-09-22T14:48:11;46.32762422785163;-0.35564674995839596;73.60000000000002;3562.91;7.194;25.8984;107;73.60000000000002;7.194;0
2025-09-22T14:48:15;46.327398335561156;-0.3558581415563822;74.0;3592.84;7.437;26.773200000000003;111;74.0;7.437;0
2025-09-22T14:48:16;46.32734100334346;-0.3559087682515383;74.0;3600.31;7.437;26.773200000000003;115;74.0;7.437;0
2025-09-22T14:48:17;46.32728367112577;-0.35596140660345554;74.0;3607.86;7.446;26.8056;115;74.0;7.446;0
2025-09-22T14:48:18;46.32722742855549;-0.35601697862148285;74.0;3615.43;7.483;26.9388;122;74.0;7.483;0
2025-09-22T14:48:19;46.327172024175525;-0.3560755681246519;74.0;3623.07;7.483;26.9388;124;74.0;7.483;0
2025-09-22T14:48:21;46.327062053605914;-0.3562071640044451;73.60000000000002;3638.94;7.483;26.9388;128;73.60000000000002;7.483;0
2025-09-22T14:48:22;46.32700723595917;-0.3562753926962614;73.39999999999998;3646.99;7.539;27.1404;131;73.39999999999998;7.539;0
2025-09-22T14:48:23;46.32695191539824;-0.35634529776871204;73.20000000000005;3655.16;7.614;27.4104;131;73.20000000000005;7.614;0
2025-09-22T14:48:25;46.326833898201585;-0.3564835153520107;72.79999999999995;3672.05;7.866;28.3176;134;72.79999999999995;7.866;0
2025-09-22T14:48:27;46.32671093568206;-0.3566162008792162;72.60000000000002;3689.12;8.034;28.922400000000003;141;72.60000000000002;8.034;0
2025-09-22T14:48:28;46.326650166884065;-0.3566849324852228;72.39999999999998;3697.69;8.174;29.426399999999997;143;72.39999999999998;8.174;0
2025-09-22T14:48:29;46.32659048773348;-0.35675542429089546;72.39999999999998;3706.27;8.314;29.930400000000002;146;72.39999999999998;8.314;0
2025-09-22T14:48:31;46.32647297345102;-0.3569016885012388;72.39999999999998;3723.52;8.416;30.297600000000003;150;72.39999999999998;8.416;0
2025-09-22T14:48:33;46.32635579444468;-0.35705164074897766;72.39999999999998;3740.92;8.491;30.5676;153;72.39999999999998;8.491;0
2025-09-22T14:48:35;46.32623358629644;-0.3572042752057314;72.60000000000002;3758.88;8.528;30.7008;158;72.60000000000002;8.528;0
2025-09-22T14:48:37;46.32611012086272;-0.35736260935664177;72.60000000000002;3777.24;8.687;31.2732;162;72.60000000000002;8.687;0
2025-09-22T14:48:42;46.32579102180898;-0.35777256824076176;72.20000000000005;3824.73;9.228;33.2208;165;72.20000000000005;9.228;0
2025-09-22T14:48:45;46.325582060962915;-0.3579999692738056;71.20000000000005;3853.82;9.508;34.2288;165;71.20000000000005;9.508;0
2025-09-22T14:48:52;46.32506774738431;-0.3584339842200279;69.60000000000002;3920.16;9.153;32.9508;165;69.60000000000002;9.153;0
2025-09-22T14:48:54;46.32496205158532;-0.3585836011916399;69.20000000000005;3936.72;8.416;30.297600000000003;164;69.20000000000005;8.416;0
2025-09-22T14:48:55;46.324926344677806;-0.3586653247475624;69.0;3944.15;7.819;28.1484;164;69.0;7.819;0
2025-09-22T14:48:56;46.32488787174225;-0.35873690620064735;68.79999999999995;3951.13;7.063;25.4268;164;68.79999999999995;7.063;0
2025-09-22T14:48:58;46.32478485815227;-0.3588564321398735;68.20000000000005;3965.82;7.353;26.4708;163;68.20000000000005;7.353;0
2025-09-22T14:49:03;46.324459724128246;-0.35916974768042564;67.20000000000005;4009.28;9.135;32.886;162;67.20000000000005;9.135;0
2025-09-22T14:49:09;46.32406066171825;-0.35964190028607845;65.60000000000002;4066.69;9.377;33.757200000000005;162;65.60000000000002;9.377;0
2025-09-22T14:49:16;46.323609882965684;-0.3602383565157652;64.39999999999998;4134.66;9.667;34.8012;160;64.39999999999998;9.667;0
2025-09-22T14:49:19;46.32342263124883;-0.3604911547154188;63.799999999999955;4163.16;9.601;34.5636;160;63.799999999999955;9.601;0
2025-09-22T14:49:26;46.323001524433494;-0.36108040250837803;62.39999999999998;4228.37;9.461;34.0596;161;62.39999999999998;9.461;0
2025-09-22T14:49:27;46.32294159382582;-0.36115558817982674;62.200000000000045;4237.19;9.424;33.9264;162;62.200000000000045;9.424;0
2025-09-22T14:49:31;46.32266239263117;-0.36138391122221947;62.0;4272.97;9.097;32.7492;164;62.0;9.097;0
2025-09-22T14:49:36;46.32225218228996;-0.36153394728899;61.200000000000045;4320.13;9.209;33.1524;164;61.200000000000045;9.209;0
2025-09-22T14:49:41;46.32190139964223;-0.36156294867396355;60.0;4359.21;6.158;22.1688;165;60.0;6.158;0
2025-09-22T14:49:42;46.321865022182465;-0.3615467716008425;59.799999999999955;4363.4;5.384;19.3824;165;59.799999999999955;5.384;0
2025-09-22T14:49:44;46.32179947569966;-0.3614995814859867;59.200000000000045;4371.55;4.161;14.9796;165;59.200000000000045;4.161;0
2025-09-22T14:49:45;46.321758488193154;-0.3614863380789757;59.0;4376.2;4.535;16.326;165;59.0;4.535;0
2025-09-22T14:49:48;46.32159621454775;-0.3614864218980074;58.60000000000002;4394.24;6.438;23.1768;164;58.60000000000002;6.438;0
2025-09-22T14:49:53;46.321232775226235;-0.36155632697045803;57.60000000000002;4435.1;8.603;30.9708;165;57.60000000000002;8.603;0
2025-09-22T14:49:57;46.3209565076977;-0.3617788664996624;56.60000000000002;4470.4;8.603;30.9708;163;56.60000000000002;8.603;0
2025-09-22T14:50:00;46.320794401690364;-0.36199193447828293;55.60000000000002;4494.79;7.782;28.0152;159;55.60000000000002;7.782;0
2025-09-22T14:50:01;46.32075794041157;-0.3620597440749407;55.39999999999998;4501.4;6.746;24.285600000000002;159;55.39999999999998;6.746;0
2025-09-22T14:50:03;46.3207337167114;-0.36220651119947433;55.0;4513.13;5.962;21.4632;158;55.0;5.962;0
2025-09-22T14:50:04;46.32074159570038;-0.36228328943252563;55.0;4519.11;5.962;21.4632;157;55.0;5.962;0
2025-09-22T14:50:05;46.320756850764155;-0.3623632527887821;55.0;4525.49;6.056;21.8016;157;55.0;6.056;0
2025-09-22T14:50:08;46.320812590420246;-0.3626157157123089;55.200000000000045;4545.92;6.494;23.3784;156;55.200000000000045;6.494;0
2025-09-22T14:50:09;46.32082122378051;-0.36270271986722946;55.200000000000045;4552.68;6.494;23.3784;156;55.200000000000045;6.494;0
2025-09-22T14:50:10;46.320816446095705;-0.3627841919660568;55.39999999999998;4558.97;6.354;22.8744;156;55.39999999999998;6.354;0
2025-09-22T14:50:12;46.320789624005556;-0.36291712895035744;55.60000000000002;4569.63;5.281;19.011599999999998;156;55.60000000000002;5.281;0
2025-09-22T14:50:17;46.3206422701478;-0.36328375339508057;56.0;4602.32;7.455;26.838;157;56.0;7.455;0
2025-09-22T14:50:18;46.32059290073812;-0.3633556701242924;56.200000000000045;4610.11;7.726;27.8136;156;56.200000000000045;7.726;0
2025-09-22T14:50:20;46.32046205922961;-0.3634869307279587;56.200000000000045;4627.82;8.892;32.0112;157;56.200000000000045;8.892;0
2025-09-22T14:50:25;46.320126531645656;-0.3638638649135828;54.799999999999955;4675.17;9.163;32.9868;156;54.799999999999955;9.163;0
2025-09-22T14:50:26;46.320072300732136;-0.36395774222910404;54.60000000000002;4684.58;9.237;33.2532;156;54.60000000000002;9.237;0
2025-09-22T14:50:29;46.3199308142066;-0.3642433136701584;53.39999999999998;4711.62;9.237;33.2532;160;53.39999999999998;9.237;0
2025-09-22T14:50:31;46.319840708747506;-0.3644231893122196;52.799999999999955;4728.71;8.528;30.7008;163;52.799999999999955;8.528;0
2025-09-22T14:50:33;46.31975085474551;-0.364580936729908;52.39999999999998;4744.43;7.67;27.612000000000002;163;52.39999999999998;7.67;0
2025-09-22T14:50:37;46.31960727274418;-0.3648155461996794;51.200000000000045;4768.56;5.374;19.3464;164;51.200000000000045;5.374;0
2025-09-22T14:50:39;46.319544073194265;-0.36490481346845627;51.0;4778.39;5.02;18.072;164;51.0;5.02;0
2025-09-22T14:50:43;46.3193937856704;-0.36507136188447475;50.60000000000002;4799.44;5.374;19.3464;162;50.60000000000002;5.374;0
2025-09-22T14:50:47;46.319308541715145;-0.36521452479064465;50.799999999999955;4814.51;3.368;12.1248;162;50.799999999999955;3.368;0
2025-09-22T14:50:49;46.3193401414901;-0.36528032273054123;51.200000000000045;4820.61;3.368;12.1248;164;51.200000000000045;3.368;0
2025-09-22T14:50:50;46.31937123835087;-0.36530722863972187;51.200000000000045;4824.55;4.161;14.9796;164;51.200000000000045;4.161;0
2025-09-22T14:50:55;46.31955907680094;-0.3654275927692652;51.799999999999955;4847.33;4.217;15.181199999999999;167;51.799999999999955;4.217;0
2025-09-22T14:50:56;46.31959964521229;-0.3654495533555746;52.0;4852.14;4.376;15.753600000000002;167;52.0;4.376;0
2025-09-22T14:51:06;46.31994405761361;-0.36565725691616535;54.799999999999955;4893.63;4.012;14.4432;169;54.799999999999955;4.012;0
2025-09-22T14:51:13;46.320151425898075;-0.36572649143636227;55.60000000000002;4917.35;3.359;12.0924;171;55.60000000000002;3.359;0
2025-09-22T14:51:22;46.32041696459055;-0.36573185585439205;56.0;4946.91;3.219;11.5884;172;56.0;3.219;0
2025-09-22T14:51:31;46.32067294791341;-0.3657430876046419;57.200000000000045;4975.47;3.182;11.4552;171;57.200000000000045;3.182;0
2025-09-22T14:51:37;46.32078937254846;-0.365848196670413;58.200000000000045;4991.17;2.659;9.5724;169;58.200000000000045;2.659;0
2025-09-22T14:51:41;46.32081703282893;-0.36598448641598225;59.200000000000045;5002.17;2.585;9.306000000000001;170;59.200000000000045;2.585;0
2025-09-22T14:51:43;46.320824744179845;-0.3660555649548769;60.0;5007.72;2.585;9.306000000000001;170;60.0;2.585;0
2025-09-22T14:51:53;46.32084159180522;-0.3664715588092804;62.0;5039.79;3.303;11.8908;171;62.0;3.303;0
2025-09-22T14:52:06;46.32087981328368;-0.3670830186456442;64.20000000000005;5087.08;3.695;13.302;172;64.20000000000005;3.695;0
2025-09-22T14:52:18;46.32091552019119;-0.3677125833928585;65.79999999999995;5135.74;4.189;15.080400000000001;173;65.79999999999995;4.189;0
2025-09-22T14:52:22;46.32092515937984;-0.3679471090435982;66.20000000000005;5153.83;4.329;15.584399999999999;170;66.20000000000005;4.329;0
2025-09-22T14:52:27;46.320940582081676;-0.36826218478381634;66.39999999999998;5178.17;4.553;16.3908;171;66.39999999999998;4.553;0
2025-09-22T14:52:34;46.32097352296114;-0.3687700442969799;66.20000000000005;5217.47;5.524;19.886400000000002;171;66.20000000000005;5.524;0
2025-09-22T14:52:43;46.32103395648301;-0.36945853382349014;65.60000000000002;5270.91;5.822;20.9592;170;65.60000000000002;5.822;0
2025-09-22T14:52:44;46.321036387234926;-0.36953103728592396;65.39999999999998;5276.5;5.822;20.9592;170;65.39999999999998;5.822;0
2025-09-22T14:52:46;46.321023143827915;-0.36966665647923946;65.39999999999998;5287.07;5.822;20.9592;170;65.39999999999998;5.822;0
2025-09-22T14:52:47;46.32101006805897;-0.369727173820138;65.39999999999998;5291.96;5.001;18.003600000000002;170;65.39999999999998;5.001;0
2025-09-22T14:52:54;46.32092172279954;-0.3701720852404833;65.0;5327.64;5.001;18.003600000000002;167;65.0;5.001;0
2025-09-22T14:52:57;46.320961117744446;-0.37030141800642014;64.79999999999995;5339.1;3.882;13.975200000000001;166;64.79999999999995;3.882;0
2025-09-22T14:53:01;46.32109170779586;-0.3703616000711918;64.79999999999995;5354.36;4.385;15.786;165;64.79999999999995;4.385;0
2025-09-22T14:53:07;46.32133176550269;-0.37047584541141987;66.0;5382.58;4.479;16.1244;163;66.0;4.479;0
2025-09-22T14:53:18;46.32176226004958;-0.37061791867017746;68.20000000000005;5431.69;4.432;15.955200000000001;165;68.20000000000005;4.432;0
2025-09-22T14:53:29;46.322195352986455;-0.3707623388618231;69.20000000000005;5481.1;4.441;15.9876;167;69.20000000000005;4.441;0
2025-09-22T14:53:42;46.32273003458977;-0.3709590621292591;70.79999999999995;5542.44;4.749;17.0964;167;70.79999999999995;4.749;0
2025-09-22T14:53:52;46.32315038703382;-0.3710711281746626;72.0;5589.96;4.749;17.0964;168;72.0;4.749;0
2025-09-22T14:53:57;46.32335272617638;-0.37107858806848526;72.20000000000005;5612.57;4.749;17.0964;169;72.20000000000005;4.749;0
2025-09-22T14:53:59;46.32342506200075;-0.3710429649800062;72.39999999999998;5621.08;4.6;16.56;169;72.39999999999998;4.6;0
2025-09-22T14:54:06;46.32364961318672;-0.37087331525981426;72.0;5649.4;3.34;12.024;167;72.0;3.34;0
2025-09-22T14:54:08;46.323682805523276;-0.37091723643243313;72.0;5654.72;2.93;10.548;167;72.0;2.93;0
2025-09-22T14:54:09;46.32367853075266;-0.3709491714835167;71.79999999999995;5657.2;2.65;9.54;166;71.79999999999995;2.65;0
2025-09-22T14:54:10;46.32366361096501;-0.3709759935736656;71.79999999999995;5659.84;2.463;8.866800000000001;165;71.79999999999995;2.463;0
2025-09-22T14:54:13;46.323603512719274;-0.37103106267750263;72.0;5667.75;2.65;9.54;164;72.0;2.65;0
2025-09-22T14:54:16;46.323558166623116;-0.37107364274561405;72.39999999999998;5673.76;2.454;8.8344;161;72.39999999999998;2.454;0
2025-09-22T14:54:19;46.32352120243013;-0.3711153008043766;72.60000000000002;5678.97;1.885;6.7860000000000005;160;72.60000000000002;1.885;0
2025-09-22T14:54:24;46.323430594056845;-0.37120708264410496;73.0;5691.31;3.564;12.830400000000001;157;73.0;3.564;0
2025-09-22T14:54:25;46.323393462225795;-0.3712275344878435;73.0;5695.71;4.087;14.713199999999999;156;73.0;4.087;0
2025-09-22T14:54:27;46.32331014610827;-0.3712801728397608;73.0;5705.85;4.983;17.9388;154;73.0;4.983;0
2025-09-22T14:54:29;46.32327267900109;-0.37140095606446266;73.0;5716.18;5.207;18.7452;153;73.0;5.207;0
2025-09-22T14:54:31;46.32328516803682;-0.3715497348457575;73.0;5727.76;5.729;20.6244;153;73.0;5.729;0
2025-09-22T14:54:33;46.32332104258239;-0.3717012796550989;73.0;5740.1;6.0;21.6;155;73.0;6.0;0
2025-09-22T14:54:40;46.32343227043748;-0.37220302037894726;73.60000000000002;5780.68;5.766;20.7576;158;73.60000000000002;5.766;0
2025-09-22T14:54:42;46.32345858961344;-0.37234174087643623;74.39999999999998;5791.75;5.701;20.5236;161;74.39999999999998;5.701;0
2025-09-22T14:54:53;46.32363452576101;-0.3731159772723913;76.0;5854.5;5.626;20.253600000000002;163;76.0;5.626;0
2025-09-22T14:55:03;46.32380853407085;-0.37384243682026863;76.60000000000002;5913.78;5.934;21.3624;164;76.60000000000002;5.934;0
2025-09-22T14:55:14;46.3240734860301;-0.3746041841804981;75.20000000000005;5979.46;5.99;21.564;164;75.20000000000005;5.99;0
2025-09-22T14:55:24;46.32435469888151;-0.3753014747053385;74.60000000000002;6041.59;6.158;22.1688;166;74.60000000000002;6.158;0
2025-09-22T14:55:28;46.324466010555625;-0.3755738865584135;74.39999999999998;6065.95;6.121;22.035600000000002;166;74.39999999999998;6.121;0
2025-09-22T14:55:38;46.32473641075194;-0.37626681849360466;73.0;6127.21;6.121;22.035600000000002;166;73.0;6.121;0
2025-09-22T14:55:39;46.324764993041754;-0.37633471190929413;72.79999999999995;6133.32;6.121;22.035600000000002;166;72.79999999999995;6.121;0
2025-09-22T14:55:47;46.32496071048081;-0.3768742550164461;73.20000000000005;6180.27;5.869;21.1284;165;73.20000000000005;5.869;0
2025-09-22T14:55:58;46.3252373971045;-0.37758395075798035;74.20000000000005;6242.98;5.72;20.592;166;74.20000000000005;5.72;0
2025-09-22T14:56:01;46.325315264984965;-0.3777686879038811;74.39999999999998;6259.64;5.701;20.5236;166;74.39999999999998;5.701;0
2025-09-22T14:56:12;46.32562120445073;-0.37841702811419964;73.60000000000002;6320.08;5.458;19.6488;167;73.60000000000002;5.458;0
2025-09-22T14:56:13;46.325650457292795;-0.37847109138965607;73.60000000000002;6325.36;5.393;19.4148;167;73.60000000000002;5.393;0
2025-09-22T14:56:25;46.32601775228977;-0.3790815453976393;75.0;6387.63;5.141;18.5076;168;75.0;5.141;0
2025-09-22T14:56:34;46.32628086023033;-0.37946308963000774;75.20000000000005;6429.13;4.787;17.2332;168;75.20000000000005;4.787;0
2025-09-22T14:56:44;46.32661269977689;-0.37987489253282547;75.20000000000005;6477.81;4.927;17.737199999999998;167;75.20000000000005;4.927;0
2025-09-22T14:56:55;46.32698502391577;-0.38034411147236824;75.39999999999998;6532.8;5.029;18.104400000000002;168;75.39999999999998;5.029;0
2025-09-22T14:56:56;46.32700706832111;-0.38039817474782467;75.39999999999998;6537.63;5.011;18.0396;168;75.39999999999998;5.011;0
2025-09-22T14:56:58;46.32701888680458;-0.38052122108638287;75.39999999999998;6547.29;4.917;17.7012;168;75.39999999999998;4.917;0
2025-09-22T14:57:04;46.32691293954849;-0.38091106340289116;75.20000000000005;6579.54;4.927;17.737199999999998;167;75.20000000000005;4.927;0
2025-09-22T14:57:11;46.32672828622162;-0.3814175818115473;75.0;6623.64;6.149;22.136400000000002;167;75.0;6.149;0
2025-09-22T14:57:21;46.32640399038792;-0.3821428678929806;73.79999999999995;6690.14;6.513;23.4468;167;73.79999999999995;6.513;0
2025-09-22T14:57:22;46.32636702619493;-0.3822137787938118;73.79999999999995;6696.97;6.522;23.479200000000002;167;73.79999999999995;6.522;0
2025-09-22T14:57:31;46.32601926103234;-0.3828844986855984;73.39999999999998;6761.49;7.11;25.596;165;73.39999999999998;7.11;0
2025-09-22T14:57:38;46.32569815032184;-0.3833747562021017;72.39999999999998;6813.56;7.343;26.4348;164;72.39999999999998;7.343;0
2025-09-22T14:57:46;46.3252513948828;-0.3839148860424757;71.60000000000002;6878.35;7.875;28.35;163;71.60000000000002;7.875;0
2025-09-22T14:57:48;46.3251340482384;-0.38406718522310257;71.20000000000005;6895.9;8.155;29.357999999999997;163;71.20000000000005;8.155;0
2025-09-22T14:57:55;46.324720568954945;-0.38466338999569416;70.39999999999998;6960.93;9.723;35.0028;163;70.39999999999998;9.723;0
2025-09-22T14:58:01;46.324257384985685;-0.38516487926244736;68.60000000000002;7025.3;11.16;40.176;163;68.60000000000002;11.16;0
2025-09-22T14:58:06;46.32381431758404;-0.38562177680432796;66.79999999999995;7085.83;12.261;44.1396;164;66.79999999999995;12.261;0
2025-09-22T14:58:08;46.323619186878204;-0.3858055081218481;66.0;7111.72;12.876;46.3536;165;66.0;12.876;0
2025-09-22T14:58:13;46.323087522760034;-0.3862907364964485;63.60000000000002;7181.65;14.043;50.5548;166;63.60000000000002;14.043;0
2025-09-22T14:58:14;46.322981994599104;-0.386394253000617;62.799999999999955;7195.83;13.688;49.2768;166;62.799999999999955;13.688;0
2025-09-22T14:58:18;46.32257379591465;-0.3868270106613636;60.200000000000045;7252.14;14.024;50.486399999999996;169;60.200000000000045;14.024;0
2025-09-22T14:58:21;46.3222863804549;-0.38716765120625496;58.200000000000045;7293.48;14.024;50.486399999999996;168;58.200000000000045;14.024;0
2025-09-22T14:58:25;46.321959821507335;-0.3875897638499737;54.60000000000002;7342.21;11.243;40.4748;167;54.60000000000002;11.243;0
2025-09-22T14:58:26;46.32187851704657;-0.38766310550272465;53.799999999999955;7352.86;10.758;38.7288;167;53.799999999999955;10.758;0
2025-09-22T14:58:28;46.3216991443187;-0.38776285015046597;52.200000000000045;7374.25;10.712;38.5632;169;52.200000000000045;10.712;0
2025-09-22T14:58:33;46.32127158343792;-0.38792612962424755;49.60000000000002;7423.42;9.004;32.4144;168;49.60000000000002;9.004;0
2025-09-22T14:58:34;46.32121190428734;-0.387960746884346;49.200000000000045;7430.57;7.866;28.3176;166;49.200000000000045;7.866;0
2025-09-22T14:58:36;46.32112707942724;-0.38803769275546074;48.39999999999998;7441.71;5.617;20.2212;164;48.39999999999998;5.617;0
2025-09-22T14:58:39;46.32101149298251;-0.388121847063303;47.0;7456.13;4.908;17.6688;162;47.0;4.908;0
2025-09-22T14:58:41;46.32094326429069;-0.3881555423140526;46.0;7464.15;4.106;14.7816;161;46.0;4.106;0
2025-09-22T14:58:47;46.320749558508396;-0.38837749511003494;44.799999999999955;7491.87;4.703;16.9308;160;44.799999999999955;4.703;0
2025-09-22T14:58:48;46.320721227675676;-0.38842937909066677;44.799999999999955;7496.96;4.703;16.9308;160;44.799999999999955;4.703;0
2025-09-22T14:58:53;46.32060212083161;-0.38871402852237225;44.60000000000002;7522.59;5.151;18.5436;161;44.60000000000002;5.151;0
2025-09-22T14:58:58;46.32054009474814;-0.3889310359954834;45.0;7540.69;3.135;11.286;162;45.0;3.135;0
2025-09-22T14:59:03;46.320482175797224;-0.38918660022318363;47.0;7561.42;4.525;16.290000000000003;163;47.0;4.525;0
2025-09-22T14:59:04;46.320465160533786;-0.3892478719353676;47.39999999999998;7566.5;4.908;17.6688;163;47.39999999999998;4.908;0
2025-09-22T14:59:10;46.32033054716885;-0.38961969316005707;49.799999999999955;7598.9;5.179;18.6444;165;49.799999999999955;5.179;0
2025-09-22T14:59:17;46.32012577727437;-0.38990878500044346;52.60000000000002;7630.78;3.966;14.277600000000001;167;52.60000000000002;3.966;0
2025-09-22T14:59:24;46.31997540593147;-0.3900700528174639;53.39999999999998;7651.62;2.361;8.499600000000001;168;53.39999999999998;2.361;0
2025-09-22T14:59:32;46.319802487269044;-0.3901425562798977;54.0;7671.84;2.501;9.0036;169;54.0;2.501;0
2025-09-22T14:59:42;46.31955991499126;-0.3901893272995949;54.799999999999955;7699.08;2.678;9.6408;169;54.799999999999955;2.678;0
2025-09-22T14:59:52;46.31927249953151;-0.39026157930493355;57.0;7731.5;3.238;11.6568;169;57.0;3.238;0
2025-09-22T15:00:01;46.318991370499134;-0.3903418779373169;59.200000000000045;7763.4;3.462;12.4632;171;59.200000000000045;3.462;0
2025-09-22T15:00:06;46.31887645460665;-0.39049803279340267;60.200000000000045;7781.93;3.583;12.898800000000001;170;60.200000000000045;3.583;0
2025-09-22T15:00:12;46.318818451836705;-0.3908656630665064;60.60000000000002;7810.99;5.272;18.979200000000002;168;60.60000000000002;5.272;0
2025-09-22T15:00:19;46.31877369247377;-0.391389699652791;60.799999999999955;7851.66;5.701;20.5236;167;60.799999999999955;5.701;0
2025-09-22T15:00:30;46.318732872605324;-0.39222076535224915;62.0;7915.83;5.804;20.8944;166;62.0;5.804;0
2025-09-22T15:00:31;46.318729016929865;-0.39229536429047585;62.0;7921.59;5.804;20.8944;166;62.0;5.804;0
2025-09-22T15:00:42;46.318681072443724;-0.39313565008342266;63.799999999999955;7986.53;5.813;20.9268;166;63.799999999999955;5.813;0
2025-09-22T15:00:43;46.31867604330182;-0.3932157810777426;64.0;7992.72;5.86;21.096;166;64.0;5.86;0
2025-09-22T15:00:52;46.3186358101666;-0.3939347807317972;65.20000000000005;8048.28;6.121;22.035600000000002;166;65.20000000000005;6.121;0
2025-09-22T15:01:02;46.318549728021026;-0.3947971109300852;65.0;8115.42;6.783;24.4188;166;65.0;6.783;0
2025-09-22T15:01:07;46.31848434917629;-0.39526465348899364;64.0;8152.16;7.175;25.83;163;64.0;7.175;0
2025-09-22T15:01:12;46.318430034443736;-0.3957053739577532;63.200000000000045;8186.63;6.438;23.1768;161;63.200000000000045;6.438;0
2025-09-22T15:01:14;46.31841897033155;-0.3958562482148409;63.0;8198.32;5.962;21.4632;161;63.0;5.962;0
2025-09-22T15:01:16;46.3184579461813;-0.3959711641073227;63.0;8208.38;5.263;18.9468;159;63.0;5.263;0
2025-09-22T15:01:18;46.31853388622403;-0.3960053622722626;62.799999999999955;8217.34;4.619;16.6284;159;62.799999999999955;4.619;0
2025-09-22T15:01:19;46.31857722066343;-0.3960007522255182;62.799999999999955;8222.17;4.619;16.6284;158;62.799999999999955;4.619;0
2025-09-22T15:01:25;46.318879052996635;-0.39592791348695755;62.39999999999998;8256.16;5.263;18.9468;157;62.39999999999998;5.263;0
2025-09-22T15:01:34;46.31931851617992;-0.39580319076776505;61.200000000000045;8305.97;5.43;19.548;157;61.200000000000045;5.43;0
2025-09-22T15:01:41;46.31962118670344;-0.395628260448575;60.799999999999955;8342.37;5.216;18.7776;157;60.799999999999955;5.216;0
2025-09-22T15:01:48;46.3198961969465;-0.3953063115477562;60.60000000000002;8381.76;5.514;19.8504;159;60.60000000000002;5.514;0
2025-09-22T15:01:56;46.32017623633146;-0.3949807584285736;60.200000000000045;8421.9;4.227;15.217200000000002;159;60.200000000000045;4.227;0
2025-09-22T15:01:58;46.320243794471025;-0.39499685168266296;60.0;8429.76;4.012;14.4432;159;60.0;4.012;0
2025-09-22T15:01:59;46.32027044892311;-0.3950406890362501;60.0;8434.23;4.469;16.0884;159;60.0;4.469;0
2025-09-22T15:02:00;46.32029232569039;-0.3950970992445946;59.799999999999955;8439.22;4.703;16.9308;159;59.799999999999955;4.703;0
2025-09-22T15:02:03;46.32033624686301;-0.3953100834041834;59.39999999999998;8456.34;5.58;20.088;160;59.39999999999998;5.58;0
2025-09-22T15:02:10;46.32044772617519;-0.39589363150298595;58.799999999999955;8502.96;6.97;25.092;160;58.799999999999955;6.97;0
2025-09-22T15:02:17;46.32057337090373;-0.3965403791517019;58.200000000000045;8554.7;7.185;25.866;160;58.200000000000045;7.185;0
2025-09-22T15:02:22;46.320648808032274;-0.3968854621052742;58.200000000000045;8582.57;4.815;17.334000000000003;160;58.200000000000045;4.815;0
2025-09-22T15:02:28;46.320704044774175;-0.397162651643157;60.0;8604.78;3.555;12.798;160;60.0;3.555;0
2025-09-22T15:02:36;46.32075224071741;-0.397562300786376;61.200000000000045;8636.05;3.76;13.536;158;61.200000000000045;3.76;0
2025-09-22T15:02:46;46.32077923044562;-0.39809999987483025;62.39999999999998;8677.6;4.152;14.9472;158;62.39999999999998;4.152;0
2025-09-22T15:02:59;46.32084636949003;-0.3988676145672798;63.200000000000045;8737.2;4.665;16.794;160;63.200000000000045;4.665;0
2025-09-22T15:03:08;46.32087863981724;-0.3994691837579012;63.60000000000002;8783.68;5.02;18.072;163;63.60000000000002;5.02;0
2025-09-22T15:03:09;46.32088425569236;-0.39954084903001785;63.60000000000002;8789.24;5.151;18.5436;163;63.60000000000002;5.151;0
2025-09-22T15:03:20;46.32093354128301;-0.4003213718533516;64.0;8849.6;5.468;19.6848;162;64.0;5.468;0
2025-09-22T15:03:21;46.32093848660588;-0.40039245039224625;64.20000000000005;8855.1;5.468;19.6848;162;64.20000000000005;5.468;0
2025-09-22T15:03:31;46.32098073139787;-0.4011130426079035;65.20000000000005;8910.8;5.505;19.818;163;65.20000000000005;5.505;0
2025-09-22T15:03:42;46.32103848271072;-0.4019194655120373;65.39999999999998;8973.23;5.57;20.052000000000003;162;65.39999999999998;5.57;0
2025-09-22T15:03:43;46.32104644551873;-0.4019997641444206;65.20000000000005;8979.48;5.682;20.4552;161;65.20000000000005;5.682;0
2025-09-22T15:03:53;46.32110067643225;-0.402827812358737;64.39999999999998;9043.56;6.345;22.842;161;64.39999999999998;6.345;0
2025-09-22T15:04:02;46.32115566171706;-0.4036463052034378;64.0;9106.9;6.942;24.991200000000003;159;64.0;6.942;0
2025-09-22T15:04:03;46.321162367239594;-0.4037425294518471;63.799999999999955;9114.35;7.054;25.3944;159;63.799999999999955;7.054;0
2025-09-22T15:04:10;46.321263872087;-0.4044062923640013;63.39999999999998;9166.92;7.455;26.838;157;63.39999999999998;7.455;0
2025-09-22T15:04:18;46.321503929793835;-0.40511623956263065;62.60000000000002;9227.77;7.567;27.241200000000003;159;62.60000000000002;7.567;0
2025-09-22T15:04:26;46.321772737428546;-0.4058021306991577;61.60000000000002;9288.47;7.567;27.241200000000003;159;61.60000000000002;7.567;0
2025-09-22T15:04:30;46.321914894506335;-0.40614310652017593;60.799999999999955;9319.12;7.605;27.378000000000004;160;60.799999999999955;7.605;0
2025-09-22T15:04:38;46.322232484817505;-0.40679614059627056;59.799999999999955;9380.6;7.651;27.5436;159;59.799999999999955;7.651;0
2025-09-22T15:04:40;46.322312196716666;-0.40696050971746445;59.39999999999998;9396.05;7.67;27.612000000000002;159;59.39999999999998;7.67;0
2025-09-22T15:04:42;46.32238528691232;-0.4071376193314791;59.200000000000045;9411.94;7.67;27.612000000000002;158;59.200000000000045;7.67;0
2025-09-22T15:04:45;46.32245996966958;-0.4074377752840519;58.799999999999955;9436.54;7.8;28.08;158;58.799999999999955;7.8;0
2025-09-22T15:04:52;46.32259860634804;-0.40821955539286137;56.799999999999955;9498.71;9.396;33.8256;159;56.799999999999955;9.396;0
2025-09-22T15:04:58;46.32271905429661;-0.40896864607930183;54.60000000000002;9558.29;9.639;34.7004;158;54.60000000000002;9.639;0
2025-09-22T15:05:02;46.32267848588526;-0.40950458496809006;53.0;9599.91;10.086;36.3096;158;53.0;10.086;0
2025-09-22T15:05:04;46.3226265180856;-0.4097548685967922;52.200000000000045;9620.04;10.086;36.3096;158;52.200000000000045;10.086;0
2025-09-22T15:05:06;46.322546722367406;-0.4099840298295021;51.60000000000002;9639.81;10.086;36.3096;157;51.60000000000002;10.086;0
2025-09-22T15:05:07;46.32249869406223;-0.41008662432432175;51.39999999999998;9649.34;10.086;36.3096;156;51.39999999999998;10.086;0
2025-09-22T15:05:10;46.32234673015773;-0.41035627014935017;50.39999999999998;9676.12;8.771;31.575600000000005;153;50.39999999999998;8.771;0
2025-09-22T15:05:13;46.32222678512335;-0.4105502273887396;49.39999999999998;9696.14;6.214;22.370400000000004;150;49.39999999999998;6.214;0
2025-09-22T15:05:14;46.322203148156404;-0.41058274917304516;49.200000000000045;9699.77;4.292;15.4512;150;49.200000000000045;4.292;0
2025-09-22T15:05:16;46.322181606665254;-0.4106244910508394;48.799999999999955;9703.78;1.81;6.516;147;48.799999999999955;1.81;0
2025-09-22T15:05:17;46.32218009792268;-0.41064485907554626;48.60000000000002;9705.36;1.81;6.516;147;48.60000000000002;1.81;0
2025-09-22T15:05:18;46.32218571379781;-0.4106701724231243;48.39999999999998;9707.4;1.913;6.8868;145;48.39999999999998;1.913;0
2025-09-22T15:05:20;46.32222628220916;-0.410712081938982;48.200000000000045;9713.02;2.659;9.5724;145;48.200000000000045;2.659;0
2025-09-22T15:05:21;46.32226006127894;-0.4107230622321367;48.200000000000045;9716.87;3.48;12.528;145;48.200000000000045;3.48;0
2025-09-22T15:05:25;46.322486624121666;-0.41071929037570953;46.799999999999955;9742.08;6.933;24.9588;147;46.799999999999955;6.933;0
2025-09-22T15:05:26;46.32256315089762;-0.41073085740208626;46.39999999999998;9750.61;7.763;27.9468;147;46.39999999999998;7.763;0
2025-09-22T15:05:28;46.322718719020486;-0.4107985831797123;45.60000000000002;9768.71;8.51;30.636;147;45.60000000000002;8.51;0
2025-09-22T15:05:30;46.32283120416105;-0.41095348075032234;44.39999999999998;9786.06;8.752;31.507200000000005;146;44.39999999999998;8.752;0
2025-09-22T15:05:31;46.322872107848525;-0.41105305776000023;43.799999999999955;9794.97;8.752;31.507200000000005;146;43.799999999999955;8.752;0
2025-09-22T15:05:37;46.323103699833155;-0.411631241440773;40.200000000000045;9846.47;8.435;30.366000000000003;146;40.200000000000045;8.435;0
2025-09-22T15:05:42;46.32328382693231;-0.4119966924190521;39.39999999999998;9880.99;5.944;21.3984;148;39.39999999999998;5.944;0
2025-09-22T15:05:47;46.32339656352997;-0.4122395161539316;39.39999999999998;9903.49;4.087;14.713199999999999;149;39.39999999999998;4.087;0
2025-09-22T15:05:55;46.32353821769357;-0.4126058891415596;41.60000000000002;9935.82;4.012;14.4432;151;41.60000000000002;4.012;0
2025-09-22T15:06:04;46.323693031445146;-0.413013668730855;44.200000000000045;9971.63;3.994;14.378400000000001;151;44.200000000000045;3.994;0
2025-09-22T15:06:12;46.323831751942635;-0.41337233036756516;45.39999999999998;10003.27;3.91;14.076;153;45.39999999999998;3.91;0
2025-09-22T15:06:14;46.32387877441943;-0.41344919241964817;46.0;10011.17;3.91;14.076;153;46.0;3.91;0
2025-09-22T15:06:18;46.324013555422425;-0.41349110193550587;47.0;10026.82;3.91;14.076;153;47.0;3.91;0
2025-09-22T15:06:23;46.324174320325255;-0.41340602561831474;48.39999999999998;10045.78;3.872;13.9392;155;48.39999999999998;3.872;0
2025-09-22T15:06:24;46.32420533336699;-0.41338264010846615;48.60000000000002;10049.67;3.872;13.9392;158;48.60000000000002;3.872;0
2025-09-22T15:06:27;46.32430549710989;-0.4133149981498718;49.200000000000045;10061.95;3.872;13.9392;161;49.200000000000045;3.872;0
2025-09-22T15:06:31;46.324443211779;-0.4132428299635649;49.799999999999955;10078.24;4.003;14.4108;164;49.799999999999955;4.003;0
2025-09-22T15:06:34;46.32454530335963;-0.41319706477224827;50.39999999999998;10090.12;4.003;14.4108;164;50.39999999999998;4.003;0
2025-09-22T15:06:43;46.32485216483474;-0.4130845796316862;51.799999999999955;10125.31;3.882;13.975200000000001;167;51.799999999999955;3.882;0
2025-09-22T15:06:46;46.324955932796;-0.4130458552390337;52.200000000000045;10137.24;3.872;13.9392;166;52.200000000000045;3.872;0
2025-09-22T15:06:56;46.32530906237662;-0.4129728488624096;53.39999999999998;10176.91;3.975;14.31;167;53.39999999999998;3.975;0
2025-09-22T15:07:04;46.32560234516859;-0.4129544924944639;54.799999999999955;10209.63;4.05;14.58;169;54.799999999999955;4.05;0
2025-09-22T15:07:15;46.326007107272744;-0.412960946559906;56.0;10254.64;3.966;14.277600000000001;169;56.0;3.966;0
2025-09-22T15:07:26;46.32643399760127;-0.4130094777792692;57.60000000000002;10302.25;4.208;15.148800000000001;166;57.60000000000002;4.208;0
2025-09-22T15:07:33;46.32674538530409;-0.4129739385098219;58.39999999999998;10337.17;4.917;17.7012;166;58.39999999999998;4.917;0
2025-09-22T15:07:34;46.326783103868365;-0.41295306757092476;58.39999999999998;10341.66;4.917;17.7012;166;58.39999999999998;4.917;0
2025-09-22T15:07:36;46.326834904029965;-0.4128721822053194;58.60000000000002;10350.28;4.917;17.7012;166;58.60000000000002;4.917;0
2025-09-22T15:07:38;46.326847560703754;-0.412755673751235;58.60000000000002;10359.42;4.581;16.491600000000002;167;58.60000000000002;4.581;0
2025-09-22T15:07:40;46.32684353739023;-0.4126310348510742;58.799999999999955;10369.03;4.581;16.491600000000002;167;58.799999999999955;4.581;0
2025-09-22T15:07:48;46.326782181859016;-0.41204522363841534;59.200000000000045;10414.68;6.009;21.6324;165;59.200000000000045;6.009;0
2025-09-22T15:07:55;46.32671881467104;-0.411447174847126;58.39999999999998;10461.31;6.466;23.2776;166;58.39999999999998;6.466;0
2025-09-22T15:08:03;46.32673239335418;-0.4106947313994169;56.799999999999955;10519.41;7.026;25.2936;166;56.799999999999955;7.026;0
2025-09-22T15:08:04;46.32674924097955;-0.41060009971261024;56.60000000000002;10526.94;7.147;25.729200000000002;166;56.60000000000002;7.147;0
2025-09-22T15:08:09;46.32684051990509;-0.41015476919710636;55.39999999999998;10562.7;7.203;25.9308;165;55.39999999999998;7.203;0
2025-09-22T15:08:17;46.32704855874181;-0.40948824025690556;53.39999999999998;10619.04;6.793;24.454800000000002;163;53.39999999999998;6.793;0
2025-09-22T15:08:23;46.32718417793512;-0.4090610146522522;53.60000000000002;10655.24;5.598;20.1528;163;53.60000000000002;5.598;0
2025-09-22T15:08:31;46.327343517914414;-0.40853085927665234;54.39999999999998;10699.74;5.533;19.9188;162;54.39999999999998;5.533;0
2025-09-22T15:08:39;46.32756530307233;-0.40807681158185005;55.0;10742.69;5.337;19.2132;162;55.0;5.337;0
2025-09-22T15:08:45;46.32778407074511;-0.40787304751574993;55.0;10771.75;4.992;17.9712;162;55.0;4.992;0
2025-09-22T15:08:53;46.32809788919985;-0.407694848254323;55.60000000000002;10809.24;4.572;16.4592;163;55.60000000000002;4.572;0
2025-09-22T15:09:04;46.328534334897995;-0.4073742404580116;57.39999999999998;10863.83;4.908;17.6688;163;57.39999999999998;4.908;0
2025-09-22T15:09:10;46.32876944728196;-0.40705463849008083;57.0;10899.92;5.682;20.4552;166;57.0;5.682;0
2025-09-22T15:09:11;46.32879777811468;-0.40698942728340626;56.799999999999955;10905.83;5.692;20.491200000000003;166;56.799999999999955;5.692;0
2025-09-22T15:09:12;46.32882577367127;-0.40692195296287537;56.60000000000002;10911.85;5.738;20.6568;167;56.60000000000002;5.738;0
2025-09-22T15:09:15;46.32887564599514;-0.4066836554557085;56.39999999999998;10931.02;5.85;21.06;167;56.39999999999998;5.85;0
2025-09-22T15:09:20;46.32902869954705;-0.4062805697321892;55.0;10966.49;7.25;26.1;167;55.0;7.25;0
2025-09-22T15:09:24;46.329197930172086;-0.40594873018562794;53.799999999999955;10998.25;8.248;29.6928;166;53.799999999999955;8.248;0
2025-09-22T15:09:25;46.32923439145088;-0.4058484826236963;53.60000000000002;11006.96;8.51;30.636;166;53.60000000000002;8.51;0
2025-09-22T15:09:30;46.32939021103084;-0.4053310677409172;52.0;11050.44;8.463;30.4668;164;52.0;8.463;0
2025-09-22T15:09:35;46.329619623720646;-0.40491574443876743;51.0;11091.38;8.174;29.426399999999997;165;51.0;8.174;0
2025-09-22T15:09:40;46.32979757152498;-0.40449162013828754;50.39999999999998;11129.64;7.381;26.5716;164;50.39999999999998;7.381;0
2025-09-22T15:09:41;46.329834619536996;-0.40441710501909256;50.39999999999998;11136.7;7.101;25.5636;164;50.39999999999998;7.101;0
2025-09-22T15:09:48;46.33005615323782;-0.40387915447354317;50.799999999999955;11184.92;6.886;24.7896;165;50.799999999999955;6.886;0
2025-09-22T15:09:55;46.33019981905818;-0.4033436346799135;51.200000000000045;11229.22;6.541;23.547600000000003;166;51.200000000000045;6.541;0
2025-09-22T15:10:00;46.33025488816202;-0.4030060116201639;51.0;11255.95;5.039;18.1404;167;51.0;5.039;0
2025-09-22T15:10:05;46.33027860894799;-0.40273879654705524;51.200000000000045;11276.8;4.022;14.4792;167;51.200000000000045;4.022;0
2025-09-22T15:10:11;46.33029009215534;-0.40232816711068153;51.39999999999998;11308.48;5.524;19.886400000000002;165;51.39999999999998;5.524;0
2025-09-22T15:10:19;46.33031406439841;-0.4017628077417612;51.39999999999998;11352.24;5.421;19.515600000000003;165;51.39999999999998;5.421;0
2025-09-22T15:10:23;46.33029403164983;-0.4014696925878525;51.799999999999955;11374.91;5.496;19.785600000000002;162;51.799999999999955;5.496;0
2025-09-22T15:10:28;46.330237705260515;-0.4010860528796911;52.0;11405.13;5.794;20.8584;163;52.0;5.794;0
2025-09-22T15:10:36;46.33007727563381;-0.4005125630646944;52.39999999999998;11452.83;5.962;21.4632;162;52.39999999999998;5.962;0
2025-09-22T15:10:41;46.32994953542948;-0.4002085514366627;53.0;11480.2;4.992;17.9712;161;53.0;4.992;0
2025-09-22T15:10:43;46.32991340942681;-0.40009941905736923;53.39999999999998;11489.52;4.535;16.326;161;53.39999999999998;4.535;0
2025-09-22T15:10:50;46.329826740548015;-0.3997998498380184;54.60000000000002;11514.52;3.154;11.3544;159;54.60000000000002;3.154;0
2025-09-22T15:10:57;46.329784411937;-0.3995535057038069;56.0;11534.08;2.948;10.6128;158;56.0;2.948;0
2025-09-22T15:11:06;46.32973705418408;-0.39919660426676273;57.60000000000002;11562.08;3.107;11.185200000000002;159;57.60000000000002;3.107;0
2025-09-22T15:11:14;46.32971165701747;-0.3988767508417368;58.60000000000002;11586.86;3.172;11.4192;162;58.60000000000002;3.172;0
2025-09-22T15:11:18;46.32969397120178;-0.3987053409218788;59.60000000000002;11600.2;3.182;11.4552;163;59.60000000000002;3.182;0
2025-09-22T15:11:29;46.32965642027557;-0.3982369601726532;61.200000000000045;11636.54;3.294;11.8584;163;61.200000000000045;3.294;0
2025-09-22T15:11:36;46.32962649688125;-0.3979368042200804;62.200000000000045;11659.93;3.256;11.721599999999999;163;62.200000000000045;3.256;0
2025-09-22T15:11:45;46.32961677387357;-0.39753966964781284;63.200000000000045;11690.53;3.368;12.1248;160;63.200000000000045;3.368;0
2025-09-22T15:11:48;46.32962079718709;-0.3973870351910591;64.0;11702.29;3.574;12.8664;160;64.0;3.574;0
2025-09-22T15:11:57;46.32962138392031;-0.39687976241111755;64.60000000000002;11741.36;4.329;15.584399999999999;161;64.60000000000002;4.329;0
2025-09-22T15:12:07;46.32962574250996;-0.39625405333936214;65.39999999999998;11789.55;4.759;17.1324;163;65.39999999999998;4.759;0
2025-09-22T15:12:16;46.32960570976138;-0.39556522853672504;64.79999999999995;11842.65;5.71;20.556;163;64.79999999999995;5.71;0
2025-09-22T15:12:21;46.329582994803786;-0.39511545561254025;64.20000000000005;11877.38;6.513;23.4468;164;64.20000000000005;6.513;0
2025-09-22T15:12:29;46.32956949993968;-0.39433845318853855;63.0;11937.33;7.427;26.737199999999998;164;63.0;7.427;0
2025-09-22T15:12:36;46.329656252637506;-0.39370344020426273;62.0;11987.17;6.597;23.749200000000002;164;62.0;6.597;0
2025-09-22T15:12:40;46.32966471835971;-0.3933704271912575;61.60000000000002;12012.88;6.597;23.749200000000002;165;61.60000000000002;6.597;0
2025-09-22T15:12:42;46.329649630934;-0.393205052241683;61.60000000000002;12025.73;6.42;23.112000000000002;165;61.60000000000002;6.42;0
2025-09-22T15:12:48;46.32959431037307;-0.39273910224437714;61.39999999999998;12062.13;6.196;22.3056;162;61.39999999999998;6.196;0
2025-09-22T15:12:52;46.329558016732335;-0.39244456216692924;61.60000000000002;12085.16;5.841;21.0276;159;61.60000000000002;5.841;0
2025-09-22T15:12:53;46.329550724476576;-0.392373651266098;61.60000000000002;12090.68;5.832;20.9952;159;61.60000000000002;5.832;0
2025-09-22T15:13:04;46.32945768535137;-0.3915518894791603;61.0;12154.81;5.813;20.9268;158;61.0;5.813;0
2025-09-22T15:13:12;46.32934184744954;-0.3909162897616625;61.0;12205.42;6.196;22.3056;158;61.0;6.196;0
2025-09-22T15:13:20;46.32925677113235;-0.39017776027321815;60.39999999999998;12263.16;7.101;25.5636;158;60.39999999999998;7.101;0
2025-09-22T15:13:26;46.32926406338811;-0.3895456809550524;59.0;12311.95;7.791;28.047600000000003;156;59.0;7.791;0
2025-09-22T15:13:31;46.329373782500625;-0.3890618775039911;58.39999999999998;12351.19;7.978;28.7208;155;58.39999999999998;7.978;0
2025-09-22T15:13:36;46.32947914302349;-0.38867983035743237;58.39999999999998;12382.87;5.822;20.9592;155;58.39999999999998;5.822;0
2025-09-22T15:13:43;46.32959263399243;-0.38826542906463146;59.0;12417.17;4.983;17.9388;155;59.0;4.983;0
2025-09-22T15:13:51;46.32966002449393;-0.3878283966332674;60.0;12451.66;4.329;15.584399999999999;150;60.0;4.329;0
2025-09-22T15:13:55;46.32968860678375;-0.3876039292663336;60.39999999999998;12469.23;4.311;15.5196;153;60.39999999999998;4.311;0
2025-09-22T15:14:04;46.329736299812794;-0.3870959859341383;61.200000000000045;12508.72;4.413;15.886800000000001;155;61.200000000000045;4.413;0
2025-09-22T15:14:17;46.32978105917573;-0.3862847853451967;62.200000000000045;12571.41;4.927;17.737199999999998;156;62.200000000000045;4.927;0
2025-09-22T15:14:29;46.329826824367046;-0.38549873046576977;62.60000000000002;12632.16;5.076;18.2736;157;62.60000000000002;5.076;0
2025-09-22T15:14:35;46.32984660565853;-0.3851957246661186;63.39999999999998;12655.61;3.676;13.233600000000001;158;63.39999999999998;3.676;0
2025-09-22T15:14:41;46.32993486709893;-0.38489791564643383;64.79999999999995;12680.74;4.721;16.9956;158;64.79999999999995;4.721;0
2025-09-22T15:14:47;46.33010493591428;-0.3845596220344305;65.0;12712.95;5.272;18.979200000000002;158;65.0;5.272;0
2025-09-22T15:14:50;46.33018280379474;-0.3843944985419512;65.0;12728.36;5.272;18.979200000000002;159;65.0;5.272;0
2025-09-22T15:14:54;46.330253798514605;-0.38416466675698757;65.0;12747.8;5.123;18.442800000000002;160;65.0;5.123;0
2025-09-22T15:14:56;46.33026955649257;-0.38404354825615883;65.0;12757.31;4.964;17.870400000000004;160;65.0;4.964;0
2025-09-22T15:15:00;46.330273328348994;-0.3838060889393091;65.39999999999998;12775.59;4.693;16.8948;160;65.39999999999998;4.693;0
2025-09-22T15:15:11;46.33028321899474;-0.38315716199576855;66.39999999999998;12825.6;4.572;16.4592;161;66.39999999999998;4.572;0
2025-09-22T15:15:20;46.3303040061146;-0.38268777541816235;67.79999999999995;12861.84;4.087;14.713199999999999;160;67.79999999999995;4.087;0
2025-09-22T15:15:34;46.330363266170025;-0.38195754401385784;69.39999999999998;12918.47;4.096;14.745600000000001;162;69.39999999999998;4.096;0
2025-09-22T15:15:44;46.33041515015066;-0.38141733035445213;70.60000000000002;12960.49;4.189;15.080400000000001;163;70.60000000000002;4.189;0
2025-09-22T15:15:55;46.330497711896896;-0.38079438731074333;72.20000000000005;13009.35;4.441;15.9876;163;72.20000000000005;4.441;0
2025-09-22T15:16:04;46.33057893253863;-0.38030555471777916;73.79999999999995;13048.07;4.339;15.620400000000002;163;73.79999999999995;4.339;0
2025-09-22T15:16:14;46.33070667274296;-0.37970281206071377;74.79999999999995;13096.6;4.955;17.838;163;74.79999999999995;4.955;0
2025-09-22T15:16:26;46.330885626375675;-0.3789668809622526;75.0;13156.7;4.955;17.838;164;75.0;4.955;0
2025-09-22T15:16:38;46.331104980781674;-0.3782436065375805;74.79999999999995;13217.53;5.132;18.4752;163;74.79999999999995;5.132;0
2025-09-22T15:16:39;46.33112710900605;-0.3781804908066988;74.79999999999995;13222.98;5.132;18.4752;163;74.79999999999995;5.132;0
2025-09-22T15:16:50;46.331380577757955;-0.3774716332554817;73.60000000000002;13284.42;5.477;19.717200000000002;162;73.60000000000002;5.477;0
2025-09-22T15:16:51;46.33140589110553;-0.377407930791378;73.60000000000002;13290.08;5.608;20.1888;163;73.60000000000002;5.608;0
2025-09-22T15:17:01;46.331682577729225;-0.37676227279007435;73.0;13348.56;5.813;20.9268;162;73.0;5.813;0
2025-09-22T15:17:11;46.33201064541936;-0.3760731965303421;72.20000000000005;13412.95;6.466;23.2776;161;72.20000000000005;6.466;0
2025-09-22T15:17:20;46.33234701119363;-0.37541622295975685;71.39999999999998;13475.86;6.979;25.1244;160;71.39999999999998;6.979;0
2025-09-22T15:17:21;46.332383807748556;-0.37534061819314957;71.39999999999998;13482.97;7.017;25.261200000000002;160;71.39999999999998;7.017;0
2025-09-22T15:17:25;46.33250802755356;-0.3750190045684576;70.60000000000002;13511.42;7.054;25.3944;160;70.60000000000002;7.054;0
2025-09-22T15:17:27;46.33253937587142;-0.37483686581254005;70.20000000000005;13525.89;7.091;25.5276;160;70.20000000000005;7.091;0
2025-09-22T15:17:29;46.33254323154688;-0.37464626133441925;69.60000000000002;13540.58;7.119;25.6284;159;69.60000000000002;7.119;0
2025-09-22T15:17:31;46.33252420462668;-0.3744570817798376;69.20000000000005;13555.3;7.241;26.0676;160;69.20000000000005;7.241;0
2025-09-22T15:17:37;46.33246201090515;-0.3739326260983944;66.60000000000002;13596.26;7.045;25.362000000000002;157;66.60000000000002;7.045;0
2025-09-22T15:17:40;46.332426723092794;-0.3736915625631809;65.79999999999995;13615.23;6.653;23.950799999999997;156;65.79999999999995;6.653;0
2025-09-22T15:17:45;46.33235631510615;-0.3733957652002573;65.39999999999998;13639.42;4.04;14.544;154;65.39999999999998;4.04;0
2025-09-22T15:17:50;46.33231180720031;-0.3732682764530182;65.20000000000005;13650.37;1.194;4.2984;152;65.20000000000005;1.194;0
2025-09-22T15:17:55;46.33230585604906;-0.3732443880289793;65.39999999999998;13652.28;0.0;0.0;149;65.39999999999998;0.0;0
2025-09-22T15:18:11;46.33230535313487;-0.3731848765164614;66.39999999999998;13652.28;3.518;12.6648;144;66.39999999999998;3.518;0
2025-09-22T15:18:12;46.33229839615524;-0.3731197491288185;66.39999999999998;13657.35;4.535;16.326;145;66.39999999999998;4.535;0
2025-09-22T15:18:14;46.33229462429881;-0.3729747422039509;66.60000000000002;13668.52;5.552;19.987199999999998;145;66.60000000000002;5.552;0
2025-09-22T15:18:15;46.332297725602984;-0.372897544875741;66.60000000000002;13674.46;5.552;19.987199999999998;145;66.60000000000002;5.552;0
2025-09-22T15:18:17;46.33231130428612;-0.3727405518293381;67.0;13686.62;5.207;18.7452;145;67.0;5.207;0
2025-09-22T15:18:22;46.33235874585807;-0.3723748493939638;68.20000000000005;13715.27;5.505;19.818;147;68.20000000000005;5.505;0
2025-09-22T15:18:25;46.33238548412919;-0.3721673972904682;69.0;13731.53;5.468;19.6848;150;69.0;5.468;0
2025-09-22T15:18:28;46.3324108812958;-0.3719559218734503;69.39999999999998;13748.05;5.486;19.7496;154;69.39999999999998;5.486;0
2025-09-22T15:18:30;46.33242856711149;-0.3718165308237076;69.79999999999995;13758.96;5.477;19.717200000000002;155;69.79999999999995;5.477;0
2025-09-22T15:18:39;46.33252093568444;-0.37119459360837936;70.39999999999998;13807.95;5.458;19.6488;158;70.39999999999998;5.458;0
2025-09-22T15:18:40;46.33253753185272;-0.3711261134594679;70.60000000000002;13813.54;5.458;19.6488;158;70.60000000000002;5.458;0
2025-09-22T15:18:49;46.332710199058056;-0.3704694751650095;71.60000000000002;13867.64;6.018;21.6648;160;71.60000000000002;6.018;0
2025-09-22T15:18:59;46.33289820514619;-0.36971493624150753;70.79999999999995;13929.38;6.224;22.4064;161;70.79999999999995;6.224;0
2025-09-22T15:19:00;46.33292058482766;-0.36964578554034233;70.60000000000002;13935.26;6.224;22.4064;161;70.60000000000002;6.224;0
2025-09-22T15:19:04;46.33301144465804;-0.3693710267543793;70.0;13958.73;6.028;21.700799999999997;160;70.0;6.028;0
2025-09-22T15:19:07;46.33311345241964;-0.3691850323230028;69.79999999999995;13976.99;5.944;21.3984;160;69.79999999999995;5.944;0
2025-09-22T15:19:11;46.33324446156621;-0.3689344972372055;69.20000000000005;14001.2;5.962;21.4632;159;69.20000000000005;5.962;0
2025-09-22T15:19:13;46.333303386345506;-0.3688124567270279;69.0;14012.66;5.962;21.4632;159;69.0;5.962;0
2025-09-22T15:19:23;46.33360370993614;-0.3681180998682976;67.60000000000002;14075.76;6.13;22.068;160;67.60000000000002;6.13;0
2025-09-22T15:19:31;46.3337957393378;-0.3675311151891947;67.79999999999995;14125.84;6.214;22.370400000000004;161;67.79999999999995;6.214;0
2025-09-22T15:19:39;46.333933621644974;-0.36687690764665604;66.39999999999998;14178.5;6.783;24.4188;161;66.39999999999998;6.783;0
2025-09-22T15:19:46;46.334087094292045;-0.3662620112299919;64.20000000000005;14228.81;7.185;25.866;159;64.20000000000005;7.185;0
2025-09-22T15:19:54;46.33424869738519;-0.3654974978417158;63.39999999999998;14290.36;7.688;27.6768;160;63.39999999999998;7.688;0
2025-09-22T15:19:56;46.33428851142526;-0.36530437879264355;63.39999999999998;14305.88;7.754;27.9144;159;63.39999999999998;7.754;0
2025-09-22T15:20:04;46.33443678729236;-0.36454757675528526;62.799999999999955;14366.45;7.651;27.5436;158;62.799999999999955;7.651;0
2025-09-22T15:20:05;46.3344556465745;-0.3644557949155569;62.60000000000002;14373.82;7.614;27.4104;158;62.60000000000002;7.614;0
2025-09-22T15:20:14;46.334631498903036;-0.3636781219393015;62.0;14436.81;6.979;25.1244;158;62.0;6.979;0
2025-09-22T15:20:16;46.334672989323735;-0.3635229729115963;61.799999999999955;14449.61;6.858;24.6888;157;61.799999999999955;6.858;0
2025-09-22T15:20:22;46.334833754226565;-0.36310932599008083;61.799999999999955;14486.34;6.186;22.2696;156;61.799999999999955;6.186;0
2025-09-22T15:20:33;46.33517506532371;-0.3624417074024677;62.39999999999998;14550.32;5.822;20.9592;157;62.39999999999998;5.822;0
2025-09-22T15:20:34;46.335199205204844;-0.36237155087292194;62.60000000000002;14556.34;5.822;20.9592;157;62.60000000000002;5.822;0
2025-09-22T15:20:39;46.335272463038564;-0.36198824644088745;63.0;14587.0;6.028;21.700799999999997;158;63.0;6.028;0
2025-09-22T15:20:40;46.335278833284974;-0.36190610378980637;63.200000000000045;14593.36;6.037;21.7332;159;63.200000000000045;6.037;0
2025-09-22T15:20:49;46.33530749939382;-0.36116925068199635;63.39999999999998;14650.23;6.261;22.5396;160;63.39999999999998;6.261;0
2025-09-22T15:20:59;46.33529366925359;-0.36035964265465736;63.0;14712.6;6.224;22.4064;159;63.0;6.224;0
2025-09-22T15:21:00;46.33528922684491;-0.36027850583195686;63.0;14718.87;6.224;22.4064;159;63.0;6.224;0
2025-09-22T15:21:07;46.335257375612855;-0.3597194328904152;63.0;14762.05;6.224;22.4064;156;63.0;6.224;0
2025-09-22T15:21:08;46.335253017023206;-0.35964290611445904;63.0;14767.96;6.224;22.4064;156;63.0;6.224;0
2025-09-22T15:21:17;46.33522041141987;-0.35894754342734814;63.799999999999955;14821.64;5.981;21.5316;156;63.799999999999955;5.981;0
2025-09-22T15:21:27;46.33511287160218;-0.35814380273222923;64.39999999999998;14884.84;6.336;22.809600000000003;157;64.39999999999998;6.336;0
2025-09-22T15:21:37;46.33495897985995;-0.35731793381273746;63.60000000000002;14950.81;6.466;23.2776;156;63.60000000000002;6.466;0
2025-09-22T15:21:38;46.3349509332329;-0.35722355358302593;63.60000000000002;14958.13;7.278;26.200799999999997;156;63.60000000000002;7.278;0
2025-09-22T15:21:44;46.334929475560784;-0.35661812871694565;62.39999999999998;15004.82;7.53;27.108;156;62.39999999999998;7.53;0
2025-09-22T15:21:52;46.334957387298346;-0.35581220872700214;60.60000000000002;15066.96;7.763;27.9468;154;60.60000000000002;7.763;0
2025-09-22T15:21:53;46.334958896040916;-0.35571866668760777;60.39999999999998;15074.17;7.67;27.612000000000002;154;60.39999999999998;7.67;0
2025-09-22T15:22:01;46.33496141061187;-0.3549983259290457;59.799999999999955;15129.69;7.045;25.362000000000002;154;59.799999999999955;7.045;0
2025-09-22T15:22:08;46.33488572202623;-0.35445299930870533;59.39999999999998;15172.55;5.636;20.2896;152;59.39999999999998;5.636;0
2025-09-22T15:22:10;46.33487935177982;-0.3543214872479439;59.39999999999998;15182.78;5.104;18.3744;152;59.39999999999998;5.104;0
2025-09-22T15:22:12;46.33491623215377;-0.3542256820946932;59.200000000000045;15191.07;4.675;16.83;151;59.200000000000045;4.675;0
2025-09-22T15:22:14;46.33499560877681;-0.354168014600873;59.200000000000045;15200.69;4.871;17.535600000000002;151;59.200000000000045;4.871;0
2025-09-22T15:22:15;46.33504020050168;-0.3541420307010412;59.200000000000045;15206.02;5.458;19.6488;151;59.200000000000045;5.458;0
2025-09-22T15:22:22;46.33537136949599;-0.35394731909036636;59.39999999999998;15245.76;5.542;19.9512;151;59.39999999999998;5.542;0
2025-09-22T15:22:26;46.335565662011504;-0.35380239598453045;59.0;15270.1;5.729;20.6244;152;59.0;5.729;0
2025-09-22T15:22:28;46.33562441915274;-0.35368521697819233;59.0;15281.32;5.729;20.6244;152;59.0;5.729;0
2025-09-22T15:22:34;46.335740676149726;-0.35333032719790936;58.799999999999955;15311.54;5.029;18.104400000000002;152;58.799999999999955;5.029;0
2025-09-22T15:22:36;46.335775796324015;-0.3532248828560114;58.799999999999955;15320.56;4.927;17.737199999999998;153;58.799999999999955;4.927;0
2025-09-22T15:22:38;46.33581519126892;-0.35311189480125904;58.60000000000002;15330.28;4.88;17.568;152;58.60000000000002;4.88;0
2025-09-22T15:22:40;46.33582784794271;-0.3529945481568575;58.39999999999998;15339.34;4.656;16.761599999999998;152;58.39999999999998;4.656;0
2025-09-22T15:22:47;46.33590202778578;-0.3525359742343426;57.60000000000002;15375.65;5.029;18.104400000000002;153;57.60000000000002;5.029;0
2025-09-22T15:22:54;46.33594804443419;-0.35209483467042446;58.0;15410.02;4.908;17.6688;154;58.0;4.908;0
2025-09-22T15:22:55;46.33595793507993;-0.3520352393388748;58.200000000000045;15414.73;4.889;17.6004;155;58.200000000000045;4.889;0
2025-09-22T15:23:04;46.33605667389929;-0.3515210095793009;59.60000000000002;15455.82;4.451;16.0236;157;59.60000000000002;4.451;0
2025-09-22T15:23:13;46.336138397455215;-0.3510496113449335;61.0;15493.25;4.133;14.8788;158;61.0;4.133;0
2025-09-22T15:23:22;46.3362237252295;-0.35059405490756035;63.0;15529.57;4.003;14.4108;158;63.0;4.003;0
2025-09-22T15:23:33;46.33630335330963;-0.35002391785383224;64.20000000000005;15574.57;4.096;14.745600000000001;159;64.20000000000005;4.096;0
2025-09-22T15:23:42;46.33627150207758;-0.3495903220027685;64.60000000000002;15608.2;3.798;13.6728;159;64.60000000000002;3.798;0
2025-09-22T15:23:51;46.336170583963394;-0.3491997253149748;65.60000000000002;15640.75;3.648;13.132800000000001;161;65.60000000000002;3.648;0
2025-09-22T15:23:57;46.33609254844487;-0.34895170480012894;66.0;15661.87;3.564;12.830400000000001;160;66.0;3.564;0
2025-09-22T15:24:04;46.336076874285936;-0.34866479225456715;67.0;15684.04;3.256;11.721599999999999;161;67.0;3.256;0
2025-09-22T15:24:11;46.33606254123151;-0.34840067848563194;68.79999999999995;15704.51;2.837;10.2132;160;68.79999999999995;2.837;0
2025-09-22T15:24:21;46.33605809882283;-0.34798024222254753;70.60000000000002;15736.9;3.06;11.016;159;70.60000000000002;3.06;0
2025-09-22T15:24:30;46.33608031086624;-0.34754253923892975;71.60000000000002;15770.75;3.508;12.6288;162;71.60000000000002;3.508;0
2025-09-22T15:24:31;46.33608483709395;-0.34748763777315617;71.60000000000002;15775.0;3.63;13.068;162;71.60000000000002;3.63;0
2025-09-22T15:24:40;46.33614317514002;-0.3469804488122463;72.60000000000002;15814.6;4.404;15.8544;162;72.60000000000002;4.404;0
2025-09-22T15:24:49;46.33621425367892;-0.3464211244136095;73.39999999999998;15858.41;4.749;17.0964;161;73.39999999999998;4.749;0
2025-09-22T15:24:57;46.33622867055237;-0.34581704065203667;73.60000000000002;15905.1;5.748;20.692800000000002;160;73.60000000000002;5.748;0
2025-09-22T15:25:06;46.336154993623495;-0.34517649561166763;73.20000000000005;15955.12;5.654;20.354400000000002;160;73.20000000000005;5.654;0
2025-09-22T15:25:12;46.33612842299044;-0.3448252100497484;73.0;15982.38;4.161;14.9796;158;73.0;4.161;0
2025-09-22T15:25:19;46.3360683247447;-0.3445224557071924;74.39999999999998;16006.64;2.967;10.6812;157;74.39999999999998;2.967;0
2025-09-22T15:25:26;46.33601954206824;-0.3442616108804941;76.79999999999995;16027.43;2.948;10.6128;156;76.79999999999995;2.948;0
2025-09-22T15:25:36;46.335955588147044;-0.3438694216310978;79.0;16058.49;3.116;11.217600000000001;156;79.0;3.116;0
2025-09-22T15:25:43;46.33593287318945;-0.3435579501092434;79.79999999999995;16082.72;3.312;11.9232;156;79.79999999999995;3.312;0
2025-09-22T15:25:51;46.335982996970415;-0.3431653417646885;80.79999999999995;16113.55;3.704;13.3344;157;80.79999999999995;3.704;0
2025-09-22T15:25:59;46.33608349598944;-0.34274574369192123;81.79999999999995;16147.91;4.161;14.9796;158;81.79999999999995;4.161;0
2025-09-22T15:26:03;46.33611911907792;-0.34254273399710655;81.79999999999995;16164.72;4.208;15.148800000000001;158;81.79999999999995;4.208;0
2025-09-22T15:26:07;46.336023984476924;-0.3423072025179863;81.60000000000002;16185.74;5.524;19.886400000000002;156;81.60000000000002;5.524;0
2025-09-22T15:26:13;46.335792476311326;-0.3418693318963051;81.60000000000002;16228.16;7.642;27.511200000000002;155;81.60000000000002;7.642;0
2025-09-22T15:26:20;46.335452338680625;-0.3413037210702896;80.0;16285.84;8.024;28.8864;155;80.0;8.024;0
2025-09-22T15:26:27;46.335052605718374;-0.34077960066497326;79.0;16345.91;8.276;29.7936;153;79.0;8.276;0
2025-09-22T15:26:34;46.33459956385195;-0.3402740880846977;76.0;16409.57;8.771;31.575600000000005;152;76.0;8.771;0
2025-09-22T15:26:40;46.334254229441285;-0.33986471593379974;74.60000000000002;16459.25;7.633;27.4788;149;74.60000000000002;7.633;0
2025-09-22T15:26:41;46.33420645259321;-0.3398044500499964;74.39999999999998;16466.31;7.25;26.1;149;74.39999999999998;7.25;0
2025-09-22T15:26:47;46.333964886143804;-0.3395166154950857;74.20000000000005;16501.13;5.039;18.1404;147;74.20000000000005;5.039;0
2025-09-22T15:26:52;46.333848126232624;-0.33938242122530937;74.79999999999995;16517.72;2.743;9.8748;145;74.79999999999995;2.743;0
2025-09-22T15:26:59;46.33373765274882;-0.3392421919852495;76.20000000000005;16534.07;2.454;8.8344;143;76.20000000000005;2.454;0
2025-09-22T15:27:04;46.33366565220058;-0.33914932049810886;77.60000000000002;16544.86;2.277;8.1972;146;77.60000000000002;2.277;0
2025-09-22T15:27:06;46.33363380096853;-0.3391114342957735;78.39999999999998;16549.44;2.277;8.1972;149;78.39999999999998;2.277;0
2025-09-22T15:27:09;46.33358753286302;-0.33905401825904846;80.0;16556.16;2.23;8.028;150;80.0;2.23;0
2025-09-22T15:27:20;46.33339156396687;-0.33884061500430107;85.20000000000005;16583.42;2.333;8.398800000000001;152;85.20000000000005;2.333;0
2025-09-22T15:27:22;46.33335795253515;-0.3388027288019657;85.39999999999998;16588.15;2.333;8.398800000000001;155;85.39999999999998;2.333;0
2025-09-22T15:27:26;46.333293998613954;-0.33874682150781155;85.60000000000002;16596.69;2.277;8.1972;157;85.60000000000002;2.277;0
2025-09-22T15:27:32;46.33316273801029;-0.33881647512316704;87.0;16612.64;3.107;11.185200000000002;155;87.0;3.107;0
2025-09-22T15:27:38;46.33297850377858;-0.3390133660286665;86.79999999999995;16638.12;4.768;17.1648;155;86.79999999999995;4.768;0
2025-09-22T15:27:45;46.332688238471746;-0.33930874429643154;85.79999999999995;16677.6;5.468;19.6848;156;85.79999999999995;5.468;0
2025-09-22T15:27:49;46.33251783438027;-0.33949272707104683;85.0;16701.3;5.804;20.8944;156;85.0;5.804;0
2025-09-22T15:27:51;46.33242588490248;-0.33952332101762295;84.60000000000002;16711.87;5.804;20.8944;156;84.60000000000002;5.804;0
2025-09-22T15:27:53;46.3323609251529;-0.33944922499358654;84.39999999999998;16721.19;5.011;18.0396;155;84.39999999999998;5.011;0
2025-09-22T15:27:55;46.33231901563704;-0.33931427635252476;84.20000000000005;16732.6;5.701;20.5236;154;84.20000000000005;5.701;0
2025-09-22T15:27:57;46.332279704511166;-0.3391638211905956;84.0;16744.98;5.701;20.5236;151;84.0;5.701;0
2025-09-22T15:28:06;46.33212463930249;-0.3384944424033165;83.60000000000002;16799.48;5.804;20.8944;152;83.60000000000002;5.804;0
2025-09-22T15:28:16;46.332048112526536;-0.3377466928213835;83.0;16857.72;5.701;20.5236;153;83.0;5.701;0
2025-09-22T15:28:22;46.331951553002;-0.33739482052624226;82.79999999999995;16887.01;3.732;13.435200000000002;155;82.79999999999995;3.732;0
2025-09-22T15:28:25;46.331892125308514;-0.3372084069997072;82.79999999999995;16902.82;5.57;20.052000000000003;157;82.79999999999995;5.57;0
2025-09-22T15:28:26;46.33186304010451;-0.3371441178023815;82.60000000000002;16908.73;5.57;20.052000000000003;157;82.60000000000002;5.57;0
2025-09-22T15:28:27;46.33182926103473;-0.3370753861963749;82.60000000000002;16915.21;5.57;20.052000000000003;160;82.60000000000002;5.57;0
2025-09-22T15:28:32;46.33168316446245;-0.336716640740633;83.0;16947.36;6.112;22.0032;157;83.0;6.112;0
2025-09-22T15:28:38;46.33159792050719;-0.336219510063529;83.20000000000005;16986.92;6.317;22.741200000000003;154;83.20000000000005;6.317;0
2025-09-22T15:28:46;46.33158568292856;-0.3356264904141426;82.60000000000002;17032.63;5.785;20.826;156;82.60000000000002;5.785;0
2025-09-22T15:28:52;46.33155022747815;-0.3352273441851139;82.79999999999995;17063.67;5.328;19.1808;159;82.79999999999995;5.328;0
2025-09-22T15:28:53;46.33153916336596;-0.3351636417210102;83.0;17068.73;5.188;18.6768;159;83.0;5.188;0
2025-09-22T15:29:03;46.33145559579134;-0.33448965288698673;84.20000000000005;17121.77;5.318;19.1448;160;84.20000000000005;5.318;0
2025-09-22T15:29:05;46.3314887881279;-0.33436442725360394;84.0;17132.16;5.318;19.1448;160;84.0;5.318;0
2025-09-22T15:29:07;46.33154251612723;-0.33427197486162186;83.79999999999995;17141.46;5.318;19.1448;160;83.79999999999995;5.318;0
2025-09-22T15:29:14;46.33177511394024;-0.3340505249798298;84.0;17172.42;4.432;15.955200000000001;160;84.0;4.432;0
2025-09-22T15:29:25;46.33210267871618;-0.33371097408235073;85.0;17217.24;4.087;14.713199999999999;160;85.0;4.087;0
2025-09-22T15:29:36;46.33239763788879;-0.33335658721625805;86.20000000000005;17259.95;3.872;13.9392;160;86.20000000000005;3.872;0
2025-09-22T15:29:45;46.33264456875622;-0.3330566827207804;87.20000000000005;17295.82;3.947;14.209200000000001;160;87.20000000000005;3.947;0
2025-09-22T15:29:53;46.332824444398284;-0.33284202218055725;88.79999999999995;17321.77;2.417;8.7012;161;88.79999999999995;2.417;0
2025-09-22T15:30:01;46.332974564284086;-0.33261110074818134;89.39999999999998;17346.2;3.807;13.7052;161;89.39999999999998;3.807;0
2025-09-22T15:30:04;46.33303206413984;-0.332486042752862;89.79999999999995;17357.74;3.518;12.6648;158;89.79999999999995;3.518;0
2025-09-22T15:30:08;46.33309509605169;-0.3322972822934389;90.0;17373.88;3.947;14.209200000000001;158;90.0;3.947;0
2025-09-22T15:30:18;46.33321369998157;-0.33181339502334595;91.0;17413.4;3.938;14.1768;158;91.0;3.938;0
2025-09-22T15:30:27;46.33334135636687;-0.33139145001769066;92.20000000000005;17448.84;3.938;14.1768;160;92.20000000000005;3.938;0
2025-09-22T15:30:40;46.333551993593574;-0.33075383864343166;93.0;17503.25;4.208;15.148800000000001;160;93.0;4.208;0
2025-09-22T15:30:50;46.3337613735348;-0.33022351562976837;93.79999999999995;17550.26;4.777;17.197200000000002;160;93.79999999999995;4.777;0
2025-09-22T15:31:02;46.33405599743128;-0.3295529633760452;94.60000000000002;17611.43;5.113;18.4068;161;94.60000000000002;5.113;0
2025-09-22T15:31:03;46.334082232788205;-0.3294988162815571;94.60000000000002;17616.52;5.151;18.5436;161;94.60000000000002;5.151;0
2025-09-22T15:31:12;46.33437274955213;-0.3290714230388403;94.60000000000002;17662.89;5.151;18.5436;162;94.60000000000002;5.151;0
2025-09-22T15:31:22;46.33473317138851;-0.32867202535271645;95.0;17713.43;5.057;18.2052;161;95.0;5.057;0
2025-09-22T15:31:23;46.33476376533508;-0.3286286909133196;95.0;17718.2;4.955;17.838;161;95.0;4.955;0
2025-09-22T15:31:27;46.33489519357681;-0.3284517489373684;94.79999999999995;17738.2;4.917;17.7012;160;94.79999999999995;4.917;0
2025-09-22T15:31:28;46.334931403398514;-0.32842425629496574;94.79999999999995;17742.73;4.899;17.636400000000002;161;94.79999999999995;4.899;0
2025-09-22T15:31:29;46.3349702116102;-0.32841059379279613;94.79999999999995;17747.15;4.88;17.568;161;94.79999999999995;4.88;0
2025-09-22T15:31:31;46.33505696430802;-0.32841838896274567;94.60000000000002;17756.82;4.852;17.467200000000002;160;94.60000000000002;4.852;0
2025-09-22T15:31:32;46.335098622366786;-0.32842853106558323;94.39999999999998;17761.51;4.833;17.3988;160;94.39999999999998;4.833;0
2025-09-22T15:31:39;46.33540431037545;-0.3284660819917917;93.79999999999995;17795.65;4.759;17.1324;163;93.79999999999995;4.759;0
2025-09-22T15:31:41;46.335496259853244;-0.3284720331430435;93.79999999999995;17805.89;4.824;17.3664;163;93.79999999999995;4.824;0
2025-09-22T15:31:50;46.33593136444688;-0.3284823428839445;93.79999999999995;17854.26;5.188;18.6768;161;93.79999999999995;5.188;0
2025-09-22T15:31:55;46.33619271218777;-0.3284359909594059;93.0;17883.65;5.738;20.6568;161;93.0;5.738;0
2025-09-22T15:31:56;46.33623763918877;-0.3283958416432142;93.0;17889.52;5.738;20.6568;161;93.0;5.738;0
2025-09-22T15:31:57;46.33627787232399;-0.3283412754535675;92.79999999999995;17895.64;5.794;20.8584;160;92.79999999999995;5.794;0
2025-09-22T15:31:59;46.336331851780415;-0.3282105177640915;92.60000000000002;17907.39;5.598;20.1528;160;92.60000000000002;5.598;0
2025-09-22T15:32:00;46.33634928613901;-0.32814547419548035;92.60000000000002;17912.74;5.598;20.1528;160;92.60000000000002;5.598;0
2025-09-22T15:32:07;46.33648465387523;-0.32774909399449825;92.20000000000005;17946.78;4.311;15.5196;158;92.20000000000005;4.311;0
2025-09-22T15:32:15;46.33660493418574;-0.3273628558963537;94.60000000000002;17979.4;4.106;14.7816;157;94.60000000000002;4.106;0
2025-09-22T15:32:17;46.33662689477205;-0.3272616025060415;95.0;17987.57;4.05;14.58;161;95.0;4.05;0
2025-09-22T15:32:21;46.33667022921145;-0.32704442739486694;95.79999999999995;18004.97;4.133;14.8788;155;95.79999999999995;4.133;0
2025-09-22T15:32:23;46.336696380749345;-0.3269353788346052;96.0;18013.86;4.199;15.1164;154;96.0;4.199;0
2025-09-22T15:32:33;46.3368212711066;-0.3263748809695244;97.0;18059.2;4.479;16.1244;152;97.0;4.479;0
2025-09-22T15:32:42;46.336962254717946;-0.325889652594924;98.60000000000002;18099.78;4.46;16.056;154;98.60000000000002;4.46;0
2025-09-22T15:32:46;46.33704691193998;-0.3256936836987734;99.20000000000005;18117.56;4.46;16.056;157;99.20000000000005;4.46;0
2025-09-22T15:32:52;46.33717272430658;-0.3254138957709074;99.60000000000002;18143.24;4.283;15.418800000000001;157;99.60000000000002;4.283;0
2025-09-22T15:33:00;46.33736961521208;-0.32499806955456734;100.0;18182.02;4.861;17.4996;160;100.0;4.861;0
2025-09-22T15:33:02;46.337417056784034;-0.3248917032033205;100.0;18191.77;4.861;17.4996;160;100.0;4.861;0
2025-09-22T15:33:11;46.33762341924012;-0.324430363252759;100.0;18234.07;4.703;16.9308;160;100.0;4.703;0
2025-09-22T15:33:14;46.33770220912993;-0.32426842488348484;100.0;18249.32;4.703;16.9308;160;100.0;4.703;0
2025-09-22T15:33:24;46.33792759850621;-0.3236941806972027;100.20000000000005;18300.13;5.039;18.1404;160;100.20000000000005;5.039;0
2025-09-22T15:33:26;46.33796120993793;-0.3235689550638199;100.39999999999998;18310.48;5.039;18.1404;160;100.39999999999998;5.039;0
2025-09-22T15:33:31;46.3380525726825;-0.3232739958912134;101.0;18335.36;5.011;18.0396;161;101.0;5.011;0
2025-09-22T15:33:44;46.33828776888549;-0.3225055430084467;103.20000000000005;18400.08;4.936;17.7696;161;103.20000000000005;4.936;0
2025-09-22T15:33:47;46.33834484964609;-0.3223339654505253;103.60000000000002;18414.77;4.992;17.9712;162;103.60000000000002;4.992;0
2025-09-22T15:33:49;46.338408049196005;-0.3222491405904293;103.60000000000002;18424.34;4.992;17.9712;163;103.60000000000002;4.992;0
2025-09-22T15:33:50;46.338437888771296;-0.3222306165844202;103.60000000000002;18427.9;4.992;17.9712;163;103.60000000000002;4.992;0
2025-09-22T15:33:51;46.33848465979099;-0.3222127631306648;103.39999999999998;18433.28;4.945;17.802000000000003;164;103.39999999999998;4.945;0
2025-09-22T15:33:53;46.33857493288815;-0.32223195768892765;103.0;18443.36;4.945;17.802000000000003;163;103.0;4.945;0
2025-09-22T15:33:55;46.338651459664106;-0.3222903795540333;102.60000000000002;18452.9;4.945;17.802000000000003;163;102.60000000000002;4.945;0
2025-09-22T15:33:57;46.33872086182237;-0.32237243838608265;102.39999999999998;18462.82;4.945;17.802000000000003;163;102.39999999999998;4.945;0
2025-09-22T15:34:02;46.33890442550182;-0.3225773759186268;102.79999999999995;18488.66;5.104;18.3744;163;102.79999999999995;5.104;0
2025-09-22T15:34:04;46.33899134583771;-0.32262557186186314;103.0;18499.03;5.104;18.3744;162;103.0;5.104;0
2025-09-22T15:34:06;46.339082876220345;-0.3226443473249674;103.20000000000005;18509.33;5.104;18.3744;162;103.20000000000005;5.104;0
2025-09-22T15:34:08;46.33916233666241;-0.32260067760944366;103.20000000000005;18518.9;5.104;18.3744;161;103.20000000000005;5.104;0
2025-09-22T15:34:10;46.3392130471766;-0.3225039504468441;103.39999999999998;18528.27;4.955;17.838;161;103.39999999999998;4.955;0
2025-09-22T15:34:11;46.339227547869086;-0.3224507253617048;103.39999999999998;18532.66;4.955;17.838;161;103.39999999999998;4.955;0
2025-09-22T15:34:14;46.33920039050281;-0.3223176207393408;103.60000000000002;18543.67;3.508;12.6288;161;103.60000000000002;3.508;0
2025-09-22T15:34:15;46.33917935192585;-0.3223029524087906;103.60000000000002;18546.27;2.93;10.548;161;103.60000000000002;2.93;0
